Query,Type,Source,Count,Response,First Seen,Last Seen,Duration
"www.dpdlocowf.xyz","A","D",1,129.226.154.72,"2026-05-13, 11:35","2026-05-13, 11:35","1s"
"www.dpdlocowf.info","A","D",1,129.226.154.72,"2026-05-13, 11:35","2026-05-13, 11:35","1s"
"www.dpdlocowd.xin","A","D",1,129.226.154.72,"2026-05-13, 11:33","2026-05-13, 11:33","1s"
"www.dpdlocowg.xin","A","D",1,129.226.154.72,"2026-05-13, 11:33","2026-05-13, 11:33","1s"
"www.dpdlocowd.xyz","A","D",1,129.226.154.72,"2026-05-13, 11:33","2026-05-13, 11:33","1s"
"www.dpdlocowg.xyz","A","D",1,129.226.154.72,"2026-05-13, 11:33","2026-05-13, 11:33","1s"
"www.dpdlocowi.top","A","D",1,129.226.154.72,"2026-05-13, 09:38","2026-05-13, 09:38","1s"
"www.dpdlocowo.top","A","D",1,129.226.154.72,"2026-05-13, 09:38","2026-05-13, 09:38","1s"
"www.dpdlocowu.top","A","D",1,129.226.154.72,"2026-05-13, 09:38","2026-05-13, 09:38","1s"
"www.dpdlocowi.cyou","A","D",1,129.226.154.72,"2026-05-13, 09:38","2026-05-13, 09:38","1s"
"www.dpdlocowo.cyou","A","D",1,129.226.154.72,"2026-05-13, 09:38","2026-05-13, 09:38","1s"
"www.dpdlocowu.cyou","A","D",1,129.226.154.72,"2026-05-13, 09:38","2026-05-13, 09:38","1s"
"www.dpdlocowo.top","A","A","",129.226.154.72,"2026-05-13","2026-05-14","1d"
"www.dpdlocowf.info","A","A","",129.226.154.72,"2026-05-13","2026-05-14","1d"
"www.dpdlocowi.top","A","A","",129.226.154.72,"2026-05-13","2026-05-14","1d"
"www.dpdlocowd.xin","A","A","",129.226.154.72,"2026-05-13","2026-05-14","1d"
"www.dpdlocowf.xyz","A","A","",129.226.154.72,"2026-05-13","2026-05-14","1d"
"www.dpdlocowo.cyou","A","A","",129.226.154.72,"2026-05-13","2026-05-14","1d"
"www.dpdlocowd.xyz","A","A","",129.226.154.72,"2026-05-13","2026-05-14","1d"
"www.dpdlocowu.cyou","A","A","",129.226.154.72,"2026-05-13","2026-05-14","1d"
"www.dpdlocowi.cyou","A","A","",129.226.154.72,"2026-05-13","2026-05-14","1d"
"www.dpdlocowg.xin","A","A","",129.226.154.72,"2026-05-13","2026-05-14","1d"
"www.dpdlocowg.xyz","A","A","",129.226.154.72,"2026-05-13","2026-05-14","1d"
"www.dpdlocowu.top","A","A","",129.226.154.72,"2026-05-13","2026-05-14","1d"
"www.dpdlocamn.top","A","A","",129.226.154.72,"2026-05-13","2026-05-14","1d"
"www.dpdlocamm.top","A","B",1,129.226.154.72,"2026-05-12, 15:06","2026-05-12, 15:06","1s"
"www.dpdlocamc.shop","A","B",1,129.226.154.72,"2026-05-12, 14:40","2026-05-12, 14:40","1s"
"www.dpdlocamn.top","A","B",1,129.226.154.72,"2026-05-12, 13:45","2026-05-12, 13:45","1s"
"www.dpdlocamm.cyou","A","B",1,129.226.154.72,"2026-05-12, 13:45","2026-05-12, 13:45","1s"
"www.dpdlocamn.cyou","A","B",1,129.226.154.72,"2026-05-12, 13:45","2026-05-12, 13:45","1s"
"www.dpdlocamm.shop","A","B",1,129.226.154.72,"2026-05-12, 13:45","2026-05-12, 13:45","1s"
"www.dpdlocamm.top","A","D",5,129.226.154.72,"2026-05-12, 13:43","2026-05-12, 14:47","1h 3m 41s"
"www.dpdlocamn.top","A","D",7,129.226.154.72,"2026-05-12, 13:43","2026-05-12, 15:25","1h 41m 46s"
"www.dpdlocamm.cyou","A","D",5,129.226.154.72,"2026-05-12, 13:43","2026-05-12, 14:47","1h 3m 38s"
"www.dpdlocamn.cyou","A","D",12,129.226.154.72,"2026-05-12, 13:43","2026-05-12, 15:17","1h 33m 50s"
"www.dpdlocoqq.cyou","A","D",15,129.226.154.72,"2026-05-12, 13:43","2026-05-12, 17:17","3h 34m 17s"
"www.dpdlocamc.shop","A","D",7,129.226.154.72,"2026-05-12, 13:43","2026-05-12, 14:47","1h 4m 24s"
"www.dpdlocamm.shop","A","D",5,129.226.154.72,"2026-05-12, 13:43","2026-05-12, 15:17","1h 33m 33s"
"www.dpdlocamn.shop","A","D",6,129.226.154.72,"2026-05-12, 13:43","2026-05-12, 15:17","1h 33m 35s"
"www.dpdlocami.cyou","A","B",1,129.226.154.72,"2026-05-12, 12:27","2026-05-12, 12:27","1s"
"www.dpdlocamo.cyou","A","B",1,129.226.154.72,"2026-05-12, 12:22","2026-05-12, 12:22","1s"
"www.dpdlocano.cyou","A","B",1,129.226.154.72,"2026-05-12, 12:02","2026-05-12, 12:02","1s"
"www.dpdlocami.top","A","B",1,129.226.154.72,"2026-05-12, 10:19","2026-05-12, 10:19","1s"
"www.dpdlocamo.top","A","B",1,129.226.154.72,"2026-05-12, 10:13","2026-05-12, 10:13","1s"
"www.dpdlocamu.top","A","B",1,129.226.154.72,"2026-05-12, 10:10","2026-05-12, 10:10","1s"
"www.dpdlocamu.cyou","A","D",10,129.226.154.72,"2026-05-12, 10:04","2026-05-12, 11:14","1h 10m 9s"
"www.dpdlocami.top","A","D",4,129.226.154.72,"2026-05-12, 10:03","2026-05-12, 10:10","7m 4s"
"www.dpdlocamo.top","A","D",8,129.226.154.72,"2026-05-12, 10:03","2026-05-13, 05:26","19h 22m 42s"
"www.dpdlocamu.top","A","D",9,129.226.154.72,"2026-05-12, 10:03","2026-05-12, 11:14","1h 10m 29s"
"www.dpdlocami.cyou","A","D",10,129.226.154.72,"2026-05-12, 10:03","2026-05-13, 05:02","18h 58m 56s"
"www.dpdlocamo.cyou","A","D",10,129.226.154.72,"2026-05-12, 10:03","2026-05-12, 11:16","1h 12m 48s"
"www.dpdlocoqq.cyou","A","A","",129.226.154.72,"2026-05-12","2026-05-13","1d"
"www.dpdlocamm.cyou","A","A","",129.226.154.72,"2026-05-12","2026-05-14","1d"
"www.dpdlocamc.shop","A","A","",129.226.154.72,"2026-05-12","2026-05-14","1d"
"www.dpdlocamu.top","A","A","",129.226.154.72,"2026-05-12","2026-05-14","1d"
"www.dpdlocamm.top","A","A","",129.226.154.72,"2026-05-12","2026-05-13","1d"
"www.dpdlocamo.top","A","A","",129.226.154.72,"2026-05-12","2026-05-14","1d"
"www.dpdlocamo.cyou","A","A","",129.226.154.72,"2026-05-12","2026-05-14","1d"
"www.dpdlocamn.cyou","A","A","",129.226.154.72,"2026-05-12","2026-05-14","1d"
"www.dpdlocami.top","A","A","",129.226.154.72,"2026-05-12","2026-05-14","1d"
"www.dpdlocamu.cyou","A","A","",129.226.154.72,"2026-05-12","2026-05-14","1d"
"www.dpdlocami.cyou","A","A","",129.226.154.72,"2026-05-12","2026-05-14","1d"
"www.dpdlocamm.shop","A","A","",129.226.154.72,"2026-05-12","2026-05-14","1d"
"www.dpdlocamn.shop","A","A","",129.226.154.72,"2026-05-12","2026-05-14","1d"
"www.dpdlocanm.shop","A","B",1,129.226.154.72,"2026-05-11, 16:23","2026-05-11, 16:23","1s"
"www.dpdlocann.shop","A","B",1,129.226.154.72,"2026-05-11, 16:23","2026-05-11, 16:23","1s"
"www.dpdlocanm.shop","A","D",16,129.226.154.72,"2026-05-11, 16:19","2026-05-13, 07:17","1d 14h 58m"
"www.dpdlocann.shop","A","D",11,129.226.154.72,"2026-05-11, 16:19","2026-05-13, 07:17","1d 14h 58m"
"www.dpdlocann.top","A","B",1,129.226.154.72,"2026-05-11, 16:04","2026-05-11, 16:04","1s"
"www.dpdlocann.cyou","A","B",1,129.226.154.72,"2026-05-11, 16:00","2026-05-11, 16:00","1s"
"www.dpdlocanm.top","A","B",1,129.226.154.72,"2026-05-11, 15:59","2026-05-11, 15:59","1s"
"www.dpdlocanm.cyou","A","B",2,129.226.154.72,"2026-05-11, 15:59","2026-05-12, 16:20","1d 20m 42s"
"www.dpdlocanm.cyou","A","D",56,129.226.154.72,"2026-05-11, 15:59","2026-05-13, 04:27","1d 12h 28m"
"www.dpdlocann.cyou","A","D",10,129.226.154.72,"2026-05-11, 15:59","2026-05-13, 06:17","1d 14h 18m"
"www.dpdlocanm.top","A","D",15,129.226.154.72,"2026-05-11, 15:54","2026-05-11, 17:49","1h 54m 38s"
"www.dpdlocann.top","A","D",17,129.226.154.72,"2026-05-11, 15:54","2026-05-13, 03:13","1d 11h 18m"
"www.dpdlocana.shop","A","D",11,129.226.154.72,"2026-05-11, 13:03","2026-05-13, 03:14","1d 14h 11m"
"www.dpdlocana.shop","A","B",1,129.226.154.72,"2026-05-11, 12:59","2026-05-11, 12:59","1s"
"www.dpdlocans.cyou","A","B",1,129.226.154.72,"2026-05-11, 12:56","2026-05-11, 12:56","1s"
"www.dpdlocana.top","A","B",1,129.226.154.72,"2026-05-11, 12:54","2026-05-11, 12:54","1s"
"www.dpdlocanp.top","A","B",1,129.226.154.72,"2026-05-11, 12:54","2026-05-11, 12:54","1s"
"www.dpdlocana.top","A","D",7,129.226.154.72,"2026-05-11, 12:53","2026-05-13, 16:15","2d 3h 22m"
"www.dpdlocanp.top","A","D",5,129.226.154.72,"2026-05-11, 12:53","2026-05-13, 13:13","2d 19m 46s"
"www.dpdlocana.cyou","A","B",1,129.226.154.72,"2026-05-11, 12:50","2026-05-11, 12:50","1s"
"www.dpdlocana.cyou","A","D",10,129.226.154.72,"2026-05-11, 12:48","2026-05-13, 02:17","1d 13h 29m"
"www.dpdlocans.cyou","A","D",11,129.226.154.72,"2026-05-11, 12:48","2026-05-13, 03:14","1d 14h 25m"
"www.dpdlocano.top","A","B",1,129.226.154.72,"2026-05-11, 12:44","2026-05-11, 12:44","1s"
"www.dpdlocanp.cyou","A","B",1,129.226.154.72,"2026-05-11, 12:44","2026-05-11, 12:44","1s"
"www.dpdlocano.shop","A","B",1,129.226.154.72,"2026-05-11, 12:44","2026-05-11, 12:44","1s"
"www.dpdlocanp.shop","A","B",2,129.226.154.72,"2026-05-11, 12:43","2026-05-12, 16:40","1d 3h 57m"
"www.dpdlocano.top","A","D",9,129.226.154.72,"2026-05-11, 12:42","2026-05-13, 15:57","2d 3h 14m"
"www.dpdlocano.cyou","A","D",3,129.226.154.72,"2026-05-11, 12:42","2026-05-11, 12:49","6m 51s"
"www.dpdlocanp.cyou","A","D",14,129.226.154.72,"2026-05-11, 12:42","2026-05-13, 15:03","2d 2h 20m"
"www.dpdlocano.shop","A","D",17,129.226.154.72,"2026-05-11, 12:42","2026-05-12, 17:35","1d 4h 53m"
"www.dpdlocanp.shop","A","D",13,129.226.154.72,"2026-05-11, 12:42","2026-05-12, 05:18","16h 35m 22s"
"www.dpdlocans.cyou","A","A","",129.226.154.72,"2026-05-11","2026-05-13","1d"
"www.dpdlocana.top","A","A","",129.226.154.72,"2026-05-11","2026-05-14","2d"
"www.dpdlocanp.shop","A","A","",129.226.154.72,"2026-05-11","2026-05-14","2d"
"www.dpdlocana.shop","A","A","",129.226.154.72,"2026-05-11","2026-05-13","1d"
"www.dpdlocano.shop","A","A","",129.226.154.72,"2026-05-11","2026-05-14","2d"
"www.dpdlocanm.top","A","A","",129.226.154.72,"2026-05-11","2026-05-14","2d"
"www.dpdlocanm.cyou","A","A","",129.226.154.72,"2026-05-11","2026-05-14","2d"
"www.dpdlocann.shop","A","A","",129.226.154.72,"2026-05-11","2026-05-14","2d"
"www.dpdlocanp.cyou","A","A","",129.226.154.72,"2026-05-11","2026-05-14","2d"
"www.dpdlocann.cyou","A","A","",129.226.154.72,"2026-05-11","2026-05-14","2d"
"www.dpdlocann.top","A","A","",129.226.154.72,"2026-05-11","2026-05-13","1d"
"www.dpdlocanp.top","A","A","",129.226.154.72,"2026-05-11","2026-05-13","1d"
"www.dpdlocanm.shop","A","A","",129.226.154.72,"2026-05-11","2026-05-14","2d"
"www.dpdlocana.cyou","A","A","",129.226.154.72,"2026-05-11","2026-05-13","1d"
"www.dpdlocano.top","A","A","",129.226.154.72,"2026-05-11","2026-05-13","1d"
"www.dpdlocano.cyou","A","A","",129.226.154.72,"2026-05-11","2026-05-13","1d"
"www.dpdlocabh.shop","A","A","",129.226.154.72,"2026-05-10","2026-05-14","3d"
"www.dpdlocabh.cyou","A","A","",129.226.154.72,"2026-05-10","2026-05-14","3d"
"www.dpdlocavj.cyou","A","C",3,129.226.154.72,"2026-05-09, 16:13","2026-05-10, 16:25","1d 12m 6s"
"www.dpdlocavy.shop","A","C",1,129.226.154.72,"2026-05-09, 11:45","2026-05-09, 11:45","1s"
"www.dpdlocabh.shop","A","B",2,129.226.154.72,"2026-05-09, 09:38","2026-05-10, 12:57","1d 3h 18m"
"www.dpdlocabj.cyou","A","B",2,129.226.154.72,"2026-05-09, 09:37","2026-05-10, 16:42","1d 7h 4m"
"www.dpdlocabj.shop","A","B",2,129.226.154.72,"2026-05-09, 09:37","2026-05-11, 11:50","2d 2h 13m"
"www.dpdlocabh.shop","A","D",28,129.226.154.72,"2026-05-09, 09:37","2026-05-11, 23:18","2d 13h 41m"
"www.dpdlocabj.shop","A","D",31,129.226.154.72,"2026-05-09, 09:36","2026-05-10, 23:59","1d 14h 23m"
"www.dpdlocabj.top","A","B",2,129.226.154.72,"2026-05-09, 09:34","2026-05-10, 12:40","1d 3h 6m"
"www.dpdlocabh.cyou","A","B",2,129.226.154.72,"2026-05-09, 09:32","2026-05-10, 11:48","1d 2h 16m"
"www.dpdlocabh.cyou","A","D",22,129.226.154.72,"2026-05-09, 09:31","2026-05-09, 11:14","1h 43m 34s"
"www.dpdlocabj.cyou","A","D",30,129.226.154.72,"2026-05-09, 09:31","2026-05-11, 17:51","2d 8h 20m"
"www.dpdlocabh.top","A","B",2,129.226.154.72,"2026-05-09, 09:26","2026-05-10, 12:41","1d 3h 14m"
"www.dpdlocabh.top","A","D",27,129.226.154.72,"2026-05-09, 09:25","2026-05-11, 19:12","2d 9h 46m"
"www.dpdlocabj.top","A","D",23,129.226.154.72,"2026-05-09, 09:24","2026-05-10, 13:14","1d 3h 49m"
"www.dpdlocabj.cyou","A","A","",129.226.154.72,"2026-05-09","2026-05-12","2d"
"www.dpdlocabh.top","A","A","",129.226.154.72,"2026-05-09","2026-05-13","3d"
"www.dpdlocabj.top","A","A","",129.226.154.72,"2026-05-09","2026-05-12","2d"
"www.dpdlocabj.shop","A","A","",129.226.154.72,"2026-05-09","2026-05-12","2d"
"www.dpdlocavj.cyou","A","B",1,129.226.154.72,"2026-05-08, 13:18","2026-05-08, 13:18","1s"
"www.dpdlocavj.shop","A","B",3,129.226.154.72,"2026-05-08, 09:55","2026-05-10, 12:04","2d 2h 8m"
"www.dpdlocavh.top","A","B",2,129.226.154.72,"2026-05-08, 09:54","2026-05-11, 11:50","3d 1h 55m"
"www.dpdlocavj.top","A","B",1,129.226.154.72,"2026-05-08, 09:48","2026-05-08, 09:48","1s"
"www.dpdlocavh.shop","A","B",2,129.226.154.72,"2026-05-08, 09:48","2026-05-09, 11:56","1d 2h 8m"
"www.dpdlocavj.top","A","D",13,129.226.154.72,"2026-05-08, 09:48","2026-05-11, 17:30","3d 7h 42m"
"www.dpdlocavh.cyou","A","D",17,129.226.154.72,"2026-05-08, 09:48","2026-05-11, 14:38","3d 4h 50m"
"www.dpdlocavj.cyou","A","D",28,129.226.154.72,"2026-05-08, 09:48","2026-05-09, 17:10","1d 7h 21m"
"www.dpdlocavh.shop","A","D",20,129.226.154.72,"2026-05-08, 09:48","2026-05-09, 19:17","1d 9h 28m"
"www.dpdlocavj.shop","A","D",19,129.226.154.72,"2026-05-08, 09:48","2026-05-09, 10:16","1d 28m 36s"
"www.dpdlocavh.top","A","D",17,129.226.154.72,"2026-05-08, 09:47","2026-05-12, 03:33","3d 17h 45m"
"www.dpdlocavh.cyou","A","B",2,129.226.154.72,"2026-05-08, 09:46","2026-05-09, 11:56","1d 2h 9m"
"www.dpdlocavy.top","A","B",2,129.226.154.72,"2026-05-08, 07:47","2026-05-11, 11:52","3d 4h 5m"
"www.dpdlocavy.top","A","D",26,129.226.154.72,"2026-05-08, 07:46","2026-05-11, 03:35","2d 19h 48m"
"www.dpdlocavu.cyou","A","B",2,129.226.154.72,"2026-05-08, 02:10","2026-05-11, 10:38","3d 8h 27m"
"www.dpdlocavy.cyou","A","B",2,129.226.154.72,"2026-05-08, 01:59","2026-05-11, 10:44","3d 8h 44m"
"www.dpdlocavj.cyou","A","A","",129.226.154.72,"2026-05-08","2026-05-10","1d"
"www.dpdlocavj.top","A","A","",129.226.154.72,"2026-05-08","2026-05-14","5d"
"www.dpdlocavj.shop","A","A","",129.226.154.72,"2026-05-08","2026-05-11","2d"
"www.dpdlocavh.top","A","A","",129.226.154.72,"2026-05-08","2026-05-14","5d"
"www.dpdlocavh.cyou","A","A","",129.226.154.72,"2026-05-08","2026-05-13","4d"
"www.dpdlocavh.shop","A","A","",129.226.154.72,"2026-05-08","2026-05-12","3d"
"www.dpdlocavy.top","A","A","",129.226.154.72,"2026-05-08","2026-05-13","4d"
"www.dpdlocaxf.cyou","A","A","",129.226.154.72,"2026-05-08","2026-05-14","5d"
"www.dpdlocakqc.top","A","C",1,129.226.154.72,"2026-05-07, 18:41","2026-05-07, 18:41","1s"
"www.dpdlocaxd.cyou","A","B",1,129.226.154.72,"2026-05-07, 16:16","2026-05-07, 16:16","1s"
"www.dpdlocavy.shop","A","B",2,129.226.154.72,"2026-05-07, 16:01","2026-05-11, 10:49","3d 18h 47m"
"www.dpdlocavu.cyou","A","D",19,129.226.154.72,"2026-05-07, 15:59","2026-05-09, 10:47","1d 18h 47m"
"www.dpdlocavy.cyou","A","D",22,129.226.154.72,"2026-05-07, 15:59","2026-05-09, 10:47","1d 18h 48m"
"www.dpdlocavy.shop","A","D",22,129.226.154.72,"2026-05-07, 15:59","2026-05-10, 20:05","3d 4h 5m"
"www.dpdlocack.top","A","B",1,129.226.154.72,"2026-05-07, 11:26","2026-05-07, 11:26","1s"
"www.dpdlocacl.top","A","B",1,129.226.154.72,"2026-05-07, 09:46","2026-05-07, 09:46","1s"
"www.dpdlocacj.shop","A","B",2,129.226.154.72,"2026-05-07, 09:35","2026-05-11, 10:45","4d 1h 10m"
"www.dpdlocack.shop","A","B",3,129.226.154.72,"2026-05-07, 09:35","2026-05-11, 10:36","4d 1h 53s"
"www.dpdlocacl.cyou","A","B",1,129.226.154.72,"2026-05-07, 09:34","2026-05-07, 09:34","1s"
"www.dpdlocacl.shop","A","B",1,129.226.154.72,"2026-05-07, 09:34","2026-05-07, 09:34","1s"
"www.dpdlocacl.top","A","D",20,129.226.154.72,"2026-05-07, 09:34","2026-05-08, 05:35","20h 50s"
"www.dpdlocack.cyou","A","D",43,129.226.154.72,"2026-05-07, 09:34","2026-05-11, 01:28","3d 15h 53m"
"www.dpdlocacj.shop","A","D",51,129.226.154.72,"2026-05-07, 09:34","2026-05-11, 03:00","3d 17h 26m"
"www.dpdlocacl.shop","A","D",47,129.226.154.72,"2026-05-07, 09:34","2026-05-11, 03:00","3d 17h 26m"
"www.dpdlocack.top","A","D",28,129.226.154.72,"2026-05-07, 09:33","2026-05-08, 16:46","1d 7h 13m"
"www.dpdlocacl.cyou","A","D",17,129.226.154.72,"2026-05-07, 09:33","2026-05-11, 03:00","3d 17h 26m"
"www.dpdlocack.shop","A","D",61,129.226.154.72,"2026-05-07, 09:33","2026-05-11, 03:13","3d 17h 40m"
"www.dpdlocaas.cyou","A","D",1,129.226.154.72,"2026-05-07, 07:32","2026-05-07, 07:32","1s"
"www.dpdlocack.top","A","A","",129.226.154.72,"2026-05-07","2026-05-09","1d"
"www.dpdlocacj.shop","A","A","",129.226.154.72,"2026-05-07","2026-05-10","2d"
"www.dpdlocacl.top","A","A","",129.226.154.72,"2026-05-07","2026-05-09","1d"
"www.dpdlocaxd.cyou","A","A","",129.226.154.72,"2026-05-07","2026-05-12","4d"
"www.dpdlocacl.cyou","A","A","",129.226.154.72,"2026-05-07","2026-05-12","4d"
"www.dpdlocack.cyou","A","A","",129.226.154.72,"2026-05-07","2026-05-12","4d"
"www.dpdlocavu.cyou","A","A","",129.226.154.72,"2026-05-07","2026-05-12","4d"
"www.dpdlocavy.shop","A","A","",129.226.154.72,"2026-05-07","2026-05-13","5d"
"www.dpdlocacl.shop","A","A","",129.226.154.72,"2026-05-07","2026-05-12","4d"
"www.dpdlocack.shop","A","A","",129.226.154.72,"2026-05-07","2026-05-13","5d"
"www.dpdlocavy.cyou","A","A","",129.226.154.72,"2026-05-07","2026-05-12","4d"
"www.dpdlocakqx.cyou","A","C",3,129.226.154.72,"2026-05-06, 18:42","2026-05-08, 09:31","1d 14h 48m"
"www.dpdlocakqz.cyou","A","C",3,129.226.154.72,"2026-05-06, 18:42","2026-05-08, 08:09","1d 13h 26m"
"www.dpdlocakqz.shop","A","C",5,129.226.154.72,"2026-05-06, 18:42","2026-05-08, 05:58","1d 11h 16m"
"www.dpdlocakqp.cyou","A","C",2,129.226.154.72,"2026-05-06, 16:11","2026-05-07, 06:42","14h 30m 27s"
"www.dpdlocakqs.shop","A","C",2,129.226.154.72,"2026-05-06, 12:20","2026-05-07, 06:42","18h 21m 48s"
"www.dpdlocakqc.cyou","A","B",2,129.226.154.72,"2026-05-06, 12:04","2026-05-08, 13:04","2d 59m 52s"
"www.dpdlocakqc.shop","A","B",1,129.226.154.72,"2026-05-06, 12:04","2026-05-06, 12:04","1s"
"www.dpdlocakqx.shop","A","B",2,129.226.154.72,"2026-05-06, 12:04","2026-05-08, 01:05","1d 13h 50s"
"www.dpdlocakqz.shop","A","B",1,129.226.154.72,"2026-05-06, 12:04","2026-05-06, 12:04","1s"
"www.dpdlocaxd.shop","A","B",2,129.226.154.72,"2026-05-06, 11:39","2026-05-07, 16:16","1d 4h 36m"
"www.dpdlocakqp.shop","A","C",2,129.226.154.72,"2026-05-06, 10:47","2026-05-07, 06:42","19h 54m 54s"
"www.dpdlocaxf.top","A","B",2,129.226.154.72,"2026-05-06, 09:48","2026-05-07, 16:16","1d 6h 28m"
"www.dpdlocaxs.top","A","B",1,129.226.154.72,"2026-05-06, 09:48","2026-05-06, 09:48","1s"
"www.dpdlocaxd.top","A","B",2,129.226.154.72,"2026-05-06, 09:47","2026-05-07, 16:16","1d 6h 29m"
"www.dpdlocaxf.cyou","A","B",3,129.226.154.72,"2026-05-06, 09:47","2026-05-11, 16:34","5d 6h 46m"
"www.dpdlocaxs.shop","A","B",1,129.226.154.72,"2026-05-06, 09:47","2026-05-06, 09:47","1s"
"www.dpdlocaxd.top","A","D",12,129.226.154.72,"2026-05-06, 09:46","2026-05-07, 16:30","1d 6h 44m"
"www.dpdlocaxf.top","A","D",11,129.226.154.72,"2026-05-06, 09:46","2026-05-07, 04:50","19h 4m 27s"
"www.dpdlocaxd.cyou","A","D",15,129.226.154.72,"2026-05-06, 09:46","2026-05-11, 09:31","4d 23h 45m"
"www.dpdlocaxs.cyou","A","D",10,129.226.154.72,"2026-05-06, 09:46","2026-05-11, 09:31","4d 23h 45m"
"www.dpdlocaxs.shop","A","D",15,129.226.154.72,"2026-05-06, 09:46","2026-05-11, 09:31","4d 23h 45m"
"www.dpdlocaxs.top","A","D",8,129.226.154.72,"2026-05-06, 09:45","2026-05-11, 09:35","4d 23h 49m"
"www.dpdlocaxf.cyou","A","D",56,129.226.154.72,"2026-05-06, 09:45","2026-05-11, 16:34","5d 6h 48m"
"www.dpdlocaxd.shop","A","D",47,129.226.154.72,"2026-05-06, 09:45","2026-05-12, 12:33","6d 2h 47m"
"www.dpdlocakqc.shop","A","C",2,129.226.154.72,"2026-05-06, 09:40","2026-05-07, 18:41","1d 9h 39s"
"www.dpdlocakqx.cyou","A","B",1,129.226.154.72,"2026-05-06, 09:40","2026-05-06, 09:40","1s"
"www.dpdlocakqz.cyou","A","B",1,129.226.154.72,"2026-05-06, 09:04","2026-05-06, 09:04","1s"
"www.dpdlocaxd.top","A","A","",129.226.154.72,"2026-05-06","2026-05-08","1d"
"www.dpdlocaxs.shop","A","A","",129.226.154.72,"2026-05-06","2026-05-14","7d"
"www.dpdlocaas.shop","A","A","",129.226.154.72,"2026-05-06","2026-05-07","1d"
"www.dpdlocaxs.top","A","A","",129.226.154.72,"2026-05-06","2026-05-14","7d"
"www.dpdlocaxd.shop","A","A","",129.226.154.72,"2026-05-06","2026-05-13","6d"
"www.dpdlocaxf.top","A","A","",129.226.154.72,"2026-05-06","2026-05-09","2d"
"www.dpdlocaxs.cyou","A","A","",129.226.154.72,"2026-05-06","2026-05-09","2d"
"www.dpdlocasb.shop","A","C",1,129.226.154.72,"2026-05-05, 13:30","2026-05-05, 13:30","1s"
"www.dpdlocakqs.shop","A","B",1,129.226.154.72,"2026-05-05, 12:04","2026-05-05, 12:04","1s"
"www.dpdlocakqx.top","A","B",2,129.226.154.72,"2026-05-05, 10:51","2026-05-06, 12:04","1d 1h 13m"
"www.dpdlocakqo.cyou","A","C",1,129.226.154.72,"2026-05-05, 10:31","2026-05-05, 10:31","1s"
"www.dpdlocakqx.shop","A","D",28,129.226.154.72,"2026-05-05, 09:45","2026-05-08, 13:09","3d 3h 24m"
"www.dpdlocakqc.top","A","B",2,129.226.154.72,"2026-05-05, 09:44","2026-05-06, 12:04","1d 2h 19m"
"www.dpdlocakqc.top","A","D",12,129.226.154.72,"2026-05-05, 09:43","2026-05-06, 17:50","1d 8h 6m"
"www.dpdlocakqx.top","A","D",7,129.226.154.72,"2026-05-05, 09:43","2026-05-05, 18:15","8h 32m 24s"
"www.dpdlocakqc.cyou","A","D",29,129.226.154.72,"2026-05-05, 09:43","2026-05-08, 13:56","3d 4h 12m"
"www.dpdlocakqx.cyou","A","D",35,129.226.154.72,"2026-05-05, 09:43","2026-05-08, 11:00","3d 1h 17m"
"www.dpdlocakqz.cyou","A","D",32,129.226.154.72,"2026-05-05, 09:43","2026-05-08, 08:31","2d 22h 48m"
"www.dpdlocakqc.shop","A","D",21,129.226.154.72,"2026-05-05, 09:43","2026-05-08, 06:31","2d 20h 47m"
"www.dpdlocakqz.shop","A","D",26,129.226.154.72,"2026-05-05, 09:43","2026-05-08, 06:39","2d 20h 56m"
"www.dpdlocakqo.shop","A","C",1,129.226.154.72,"2026-05-05, 02:51","2026-05-05, 02:51","1s"
"www.dpdlocakqo.shop","A","B",2,129.226.154.72,"2026-05-05, 01:36","2026-05-06, 18:27","1d 16h 50m"
"www.dpdlocakqx.shop","A","A","",129.226.154.72,"2026-05-05","2026-05-09","3d"
"www.dpdlocakqc.top","A","A","",129.226.154.72,"2026-05-05","2026-05-07","1d"
"www.dpdlocakqz.cyou","A","A","",129.226.154.72,"2026-05-05","2026-05-09","3d"
"www.dpdlocakqz.shop","A","A","",129.226.154.72,"2026-05-05","2026-05-09","3d"
"www.dpdlocakqc.cyou","A","A","",129.226.154.72,"2026-05-05","2026-05-09","3d"
"www.dpdlocakqx.cyou","A","A","",129.226.154.72,"2026-05-05","2026-05-09","3d"
"www.dpdlocakqc.shop","A","A","",129.226.154.72,"2026-05-05","2026-05-08","2d"
"www.dpdlocakqx.top","A","A","",129.226.154.72,"2026-05-05","2026-05-08","2d"
"www.dpdparcell.shop","A","C",2,129.226.154.72,"2026-05-04, 18:49","2026-05-04, 18:49","1s"
"www.dpdparcell.top","A","C",2,129.226.154.72,"2026-05-04, 16:16","2026-05-04, 16:16","1s"
"www.dpdparcelc.cyou","A","C",2,129.226.154.72,"2026-05-04, 16:12","2026-05-04, 16:12","1s"
"www.dpdparcelx.shop","A","C",2,129.226.154.72,"2026-05-04, 16:12","2026-05-04, 16:12","1s"
"www.dpdparcelz.cyou","A","C",2,129.226.154.72,"2026-05-04, 15:32","2026-05-04, 15:32","1s"
"www.dpdparcelx.cyou","A","C",2,129.226.154.72,"2026-05-04, 15:10","2026-05-04, 15:10","1s"
"dpd-package.club","A","C",2,129.226.154.72,"2026-05-04, 14:14","2026-05-04, 14:14","1s"
"dpd-package.click","A","C",2,129.226.154.72,"2026-05-04, 14:14","2026-05-04, 14:14","1s"
"dpd-package.icu","A","C",2,129.226.154.72,"2026-05-04, 14:00","2026-05-04, 14:00","1s"
"www.dpdlocakqp.top","A","B",1,129.226.154.72,"2026-05-04, 13:00","2026-05-04, 13:00","1s"
"www.dpdlocakqp.shop","A","B",3,129.226.154.72,"2026-05-04, 11:12","2026-05-07, 09:32","2d 22h 20m"
"www.dpdlocakqa.top","A","B",1,129.226.154.72,"2026-05-04, 11:11","2026-05-04, 11:11","1s"
"www.dpdlocakqs.top","A","B",2,129.226.154.72,"2026-05-04, 11:11","2026-05-05, 12:04","1d 52m 57s"
"www.dpdlocakqo.cyou","A","B",3,129.226.154.72,"2026-05-04, 11:11","2026-05-07, 10:24","2d 23h 13m"
"www.dpdlocakqp.cyou","A","B",3,129.226.154.72,"2026-05-04, 11:11","2026-05-06, 12:30","2d 1h 18m"
"www.dpdlocakqa.shop","A","B",1,129.226.154.72,"2026-05-04, 11:11","2026-05-04, 11:11","1s"
"www.dpdlocakqp.top","A","D",7,129.226.154.72,"2026-05-04, 11:11","2026-05-06, 03:28","1d 16h 16m"
"www.dpdlocakqs.shop","A","D",19,129.226.154.72,"2026-05-04, 11:11","2026-05-07, 06:28","2d 19h 17m"
"www.dpdlocakqa.top","A","D",13,129.226.154.72,"2026-05-04, 11:10","2026-05-06, 03:29","1d 16h 18m"
"www.dpdlocakqs.top","A","D",10,129.226.154.72,"2026-05-04, 11:10","2026-05-04, 13:14","2h 3m 38s"
"www.dpdlocakqa.cyou","A","D",29,129.226.154.72,"2026-05-04, 11:10","2026-05-08, 12:30","4d 1h 19m"
"www.dpdlocakqo.cyou","A","D",28,129.226.154.72,"2026-05-04, 11:10","2026-05-08, 09:09","3d 21h 59m"
"www.dpdlocakqp.cyou","A","D",33,129.226.154.72,"2026-05-04, 11:10","2026-05-08, 15:22","4d 4h 12m"
"www.dpdlocakqa.shop","A","D",26,129.226.154.72,"2026-05-04, 11:10","2026-05-07, 02:36","2d 15h 25m"
"www.dpdlocakqo.shop","A","D",32,129.226.154.72,"2026-05-04, 11:10","2026-05-07, 15:07","3d 3h 57m"
"www.dpdlocakqp.shop","A","D",27,129.226.154.72,"2026-05-04, 11:10","2026-05-07, 15:50","3d 4h 39m"
"dpd-package.cyou","A","C",2,129.226.154.72,"2026-05-04, 08:48","2026-05-04, 08:48","1s"
"dpd-package.info","A","C",2,129.226.154.72,"2026-05-04, 08:48","2026-05-04, 08:48","1s"
"www.dpdparcelz.top","A","C",2,129.226.154.72,"2026-05-04, 04:46","2026-05-04, 04:46","1s"
"www.dpdparcelx.top","A","C",2,129.226.154.72,"2026-05-04, 04:41","2026-05-04, 04:41","1s"
"www.dpdparcell.cyou","A","C",2,129.226.154.72,"2026-05-04, 04:41","2026-05-04, 04:41","1s"
"www.dpdlocakqo.cyou","A","A","",129.226.154.72,"2026-05-04","2026-05-09","4d"
"www.dpdlocakqp.top","A","A","",129.226.154.72,"2026-05-04","2026-05-06","1d"
"www.dpdlocakqa.top","A","A","",129.226.154.72,"2026-05-04","2026-05-07","2d"
"www.dpdlocakqp.shop","A","A","",129.226.154.72,"2026-05-04","2026-05-08","3d"
"www.dpdlocakqs.top","A","A","",129.226.154.72,"2026-05-04","2026-05-06","1d"
"www.dpdlocakqs.shop","A","A","",129.226.154.72,"2026-05-04","2026-05-07","2d"
"www.dpdlocakqo.shop","A","A","",129.226.154.72,"2026-05-04","2026-05-08","3d"
"www.dpdlocakqa.cyou","A","A","",129.226.154.72,"2026-05-04","2026-05-09","4d"
"www.dpdlocakqa.shop","A","A","",129.226.154.72,"2026-05-04","2026-05-07","2d"
"www.dpdlocakqp.cyou","A","A","",129.226.154.72,"2026-05-04","2026-05-09","4d"
"www.dpdlocafn.shop","A","B",2,129.226.154.72,"2026-05-02, 15:37","2026-05-05, 06:31","2d 14h 54m"
"www.dpdlocasy.top","A","C",1,129.226.154.72,"2026-05-02, 15:10","2026-05-02, 15:10","1s"
"dpd-package.pw","A","B",1,129.226.154.72,"2026-05-02, 10:09","2026-05-02, 10:09","1s"
"dpd-package.cyou","A","B",2,129.226.154.72,"2026-05-02, 10:09","2026-05-04, 08:46","1d 22h 37m"
"dpd-package.uno","A","B",1,129.226.154.72,"2026-05-02, 10:03","2026-05-02, 10:03","1s"
"dpd-package.tech","A","B",1,129.226.154.72,"2026-05-02, 10:03","2026-05-02, 10:03","1s"
"dpd-package.click","A","B",7,129.226.154.72,"2026-05-02, 10:03","2026-05-11, 06:25","8d 20h 21m"
"dpd-package.cloud","A","B",2,129.226.154.72,"2026-05-02, 10:03","2026-05-03, 10:25","1d 22m 22s"
"dpd-package.club","A","B",4,129.226.154.72,"2026-05-02, 10:02","2026-05-06, 02:15","3d 16h 13m"
"dpd-package.site","A","B",1,129.226.154.72,"2026-05-02, 10:02","2026-05-02, 10:02","1s"
"dpd-package.info","A","B",3,129.226.154.72,"2026-05-02, 10:01","2026-05-06, 02:10","3d 16h 8m"
"dpd-package.tech","A","D",6,129.226.154.72,"2026-05-02, 10:01","2026-05-02, 16:06","6h 4m 30s"
"dpd-package.cloud","A","D",12,129.226.154.72,"2026-05-02, 10:01","2026-05-04, 08:12","1d 22h 10m"
"dpd-package.pw","A","D",8,129.226.154.72,"2026-05-02, 10:00","2026-05-02, 22:55","12h 55m 26s"
"dpd-package.icu","A","D",17,129.226.154.72,"2026-05-02, 10:00","2026-05-04, 08:12","1d 22h 12m"
"dpd-package.uno","A","D",8,129.226.154.72,"2026-05-02, 10:00","2026-05-02, 12:03","2h 3m 14s"
"dpd-package.club","A","D",13,129.226.154.72,"2026-05-02, 10:00","2026-05-04, 08:12","1d 22h 12m"
"dpd-package.cyou","A","D",19,129.226.154.72,"2026-05-02, 10:00","2026-05-04, 08:12","1d 22h 12m"
"dpd-package.info","A","D",13,129.226.154.72,"2026-05-02, 10:00","2026-05-05, 18:38","3d 8h 38m"
"dpd-package.site","A","D",5,129.226.154.72,"2026-05-02, 10:00","2026-05-02, 11:23","1h 23m 35s"
"dpd-package.click","A","D",36,129.226.154.72,"2026-05-02, 10:00","2026-05-11, 10:19","9d 19m 34s"
"dpd-package.icu","A","B",2,129.226.154.72,"2026-05-02, 09:55","2026-05-04, 05:34","1d 19h 38m"
"dpd-package.club","A","A","",129.226.154.72,"2026-05-02","2026-05-06","3d"
"dpd-package.tech","A","A","",129.226.154.72,"2026-05-02","2026-05-03","1d"
"dpd-package.uno","A","A","",129.226.154.72,"2026-05-02","2026-05-03","1d"
"dpd-package.site","A","A","",129.226.154.72,"2026-05-02","2026-05-03","1d"
"dpd-package.cloud","A","A","",129.226.154.72,"2026-05-02","2026-05-05","2d"
"dpd-package.click","A","A","",129.226.154.72,"2026-05-02","2026-05-11","8d"
"dpd-package.info","A","A","",129.226.154.72,"2026-05-02","2026-05-05","2d"
"dpd-package.cyou","A","A","",129.226.154.72,"2026-05-02","2026-05-05","2d"
"dpd-package.pw","A","A","",129.226.154.72,"2026-05-02","2026-05-03","1d"
"dpd-package.icu","A","A","",129.226.154.72,"2026-05-02","2026-05-05","2d"
"www.dpdlocahw.cyou","A","C",1,129.226.154.72,"2026-05-01, 16:09","2026-05-01, 16:09","1s"
"www.dpdlocajk.cyou","A","C",1,129.226.154.72,"2026-05-01, 16:09","2026-05-01, 16:09","1s"
"www.dpdpackagei.info","A","B",2,129.226.154.72,"2026-05-01, 15:47","2026-05-03, 10:16","1d 18h 29m"
"www.dpdpackagei.info","A","D",14,129.226.154.72,"2026-05-01, 15:46","2026-05-04, 18:02","3d 2h 15m"
"www.dpdpackagei.work","A","B",3,129.226.154.72,"2026-05-01, 15:32","2026-05-11, 06:37","9d 15h 4m"
"www.dpdpackagei.work","A","D",8,129.226.154.72,"2026-05-01, 15:31","2026-05-11, 06:37","9d 15h 6m"
"www.dpdparcelz.shop","A","C",3,129.226.154.72,"2026-05-01, 12:17","2026-05-03, 02:10","1d 13h 52m"
"www.dpdlocazs.cyou","A","B",1,129.226.154.72,"2026-05-01, 11:18","2026-05-01, 11:18","1s"
"www.dpdlocaht.shop","A","C",3,129.226.154.72,"2026-05-01, 11:06","2026-05-03, 01:39","1d 14h 32m"
"www.dpdlocahw.shop","A","C",1,129.226.154.72,"2026-05-01, 11:06","2026-05-01, 11:06","1s"
"www.dpdlocazs.top","A","C",1,129.226.154.72,"2026-05-01, 11:05","2026-05-01, 11:05","1s"
"www.dpdlocaza.cyou","A","C",1,129.226.154.72,"2026-05-01, 11:05","2026-05-01, 11:05","1s"
"www.dpdlocakr.shop","A","C",1,129.226.154.72,"2026-05-01, 11:05","2026-05-01, 11:05","1s"
"www.dpdlocazp.shop","A","C",1,129.226.154.72,"2026-05-01, 10:59","2026-05-01, 10:59","1s"
"www.dpdlocaza.top","A","C",1,129.226.154.72,"2026-05-01, 10:38","2026-05-01, 10:38","1s"
"www.dpdlocazs.cyou","A","C",1,129.226.154.72,"2026-05-01, 10:37","2026-05-01, 10:37","1s"
"www.dpdlocakr.top","A","C",3,129.226.154.72,"2026-05-01, 10:35","2026-05-02, 01:51","15h 15m 51s"
"www.dpdlocake.shop","A","C",1,129.226.154.72,"2026-05-01, 10:35","2026-05-01, 10:35","1s"
"www.dpdlocaza.shop","A","C",3,129.226.154.72,"2026-05-01, 10:35","2026-05-03, 01:01","1d 14h 25m"
"www.dpdlocajo.cyou","A","C",1,129.226.154.72,"2026-05-01, 10:31","2026-05-01, 10:31","1s"
"www.dpdparcell.top","A","B",4,129.226.154.72,"2026-05-01, 10:02","2026-05-04, 13:04","3d 3h 1m"
"www.dpdparcelz.top","A","B",3,129.226.154.72,"2026-05-01, 10:02","2026-05-04, 11:18","3d 1h 15m"
"www.dpdparcell.shop","A","B",3,129.226.154.72,"2026-05-01, 10:02","2026-05-04, 17:03","3d 7h 42s"
"www.dpdparcelx.top","A","B",3,129.226.154.72,"2026-05-01, 10:01","2026-05-04, 13:04","3d 3h 2m"
"www.dpdparcelx.shop","A","B",4,129.226.154.72,"2026-05-01, 10:00","2026-05-05, 16:11","4d 6h 10m"
"www.dpdparcelz.shop","A","B",3,129.226.154.72,"2026-05-01, 10:00","2026-05-03, 18:10","2d 8h 9m"
"www.dpdparcell.top","A","D",206,129.226.154.72,"2026-05-01, 10:00","2026-05-04, 22:35","3d 12h 34m"
"www.dpdparcelx.top","A","D",212,129.226.154.72,"2026-05-01, 10:00","2026-05-04, 21:30","3d 11h 29m"
"www.dpdparcelz.top","A","D",195,129.226.154.72,"2026-05-01, 10:00","2026-05-04, 16:00","3d 5h 59m"
"www.dpdparcelc.cyou","A","D",200,129.226.154.72,"2026-05-01, 10:00","2026-05-04, 15:37","3d 5h 37m"
"www.dpdparcell.cyou","A","D",204,129.226.154.72,"2026-05-01, 10:00","2026-05-04, 15:37","3d 5h 37m"
"www.dpdparcelx.cyou","A","D",12,129.226.154.72,"2026-05-01, 10:00","2026-05-04, 11:21","3d 1h 20m"
"www.dpdparcelz.cyou","A","D",12,129.226.154.72,"2026-05-01, 10:00","2026-05-04, 11:18","3d 1h 17m"
"www.dpdparcell.shop","A","D",10,129.226.154.72,"2026-05-01, 10:00","2026-05-05, 21:13","4d 11h 13m"
"www.dpdparcelx.shop","A","D",220,129.226.154.72,"2026-05-01, 10:00","2026-05-06, 03:10","4d 17h 10m"
"www.dpdparcelz.shop","A","D",47,129.226.154.72,"2026-05-01, 10:00","2026-05-05, 21:39","4d 11h 39m"
"www.dpdparcelc.cyou","A","B",3,129.226.154.72,"2026-05-01, 09:56","2026-05-04, 13:04","3d 3h 8m"
"www.dpdparcelx.cyou","A","B",2,129.226.154.72,"2026-05-01, 09:55","2026-05-03, 10:18","2d 23m 6s"
"www.dpdparcell.cyou","A","B",3,129.226.154.72,"2026-05-01, 09:51","2026-05-04, 13:04","3d 3h 13m"
"www.dpdparcelz.cyou","A","B",2,129.226.154.72,"2026-05-01, 09:51","2026-05-03, 10:18","2d 27m 40s"
"www.dpdlocakr.cyou","A","C",1,129.226.154.72,"2026-05-01, 09:00","2026-05-01, 09:00","1s"
"www.dpdlocahq.shop","A","C",3,129.226.154.72,"2026-05-01, 08:49","2026-05-03, 01:11","1d 16h 22m"
"www.dpdparcelx.cyou","A","A","",129.226.154.72,"2026-05-01","2026-05-05","3d"
"www.dpdparcelc.cyou","A","A","",129.226.154.72,"2026-05-01","2026-05-05","3d"
"www.dpdparcell.shop","A","A","",129.226.154.72,"2026-05-01","2026-05-06","4d"
"www.dpdparcell.cyou","A","A","",129.226.154.72,"2026-05-01","2026-05-05","3d"
"www.dpdparcelz.top","A","A","",129.226.154.72,"2026-05-01","2026-05-06","4d"
"www.dpdpackagei.work","A","A","",129.226.154.72,"2026-05-01","2026-05-12","10d"
"www.dpdpackagei.info","A","A","",129.226.154.72,"2026-05-01","2026-05-05","3d"
"www.dpdparcelz.shop","A","A","",129.226.154.72,"2026-05-01","2026-05-06","4d"
"www.dpdparcell.top","A","A","",129.226.154.72,"2026-05-01","2026-05-06","4d"
"www.dpdparcelx.shop","A","A","",129.226.154.72,"2026-05-01","2026-05-06","4d"
"www.dpdparcelz.cyou","A","A","",129.226.154.72,"2026-05-01","2026-05-05","3d"
"www.dpdparcelx.top","A","A","",129.226.154.72,"2026-05-01","2026-05-06","4d"
"www.dpdlocajo.shop","A","C",1,129.226.154.72,"2026-04-30, 18:36","2026-04-30, 18:36","1s"
"www.dpdparceli.shop","A","B",2,129.226.154.72,"2026-04-30, 14:18","2026-05-01, 18:13","1d 3h 54m"
"www.dpdparceli.shop","A","D",19,129.226.154.72,"2026-04-30, 14:16","2026-05-05, 18:46","5d 4h 30m"
"www.dpdparcelo.cyou","A","B",1,129.226.154.72,"2026-04-30, 14:02","2026-04-30, 14:02","1s"
"www.dpdparcelo.cyou","A","D",10,129.226.154.72,"2026-04-30, 14:01","2026-05-02, 01:12","1d 11h 10m"
"www.dpdlocazp.shop","A","B",3,129.226.154.72,"2026-04-30, 12:40","2026-05-05, 12:07","4d 23h 27m"
"www.dpdlocaza.top","A","B",2,129.226.154.72,"2026-04-30, 09:59","2026-05-01, 11:18","1d 1h 19m"
"www.dpdlocazs.top","A","B",2,129.226.154.72,"2026-04-30, 09:59","2026-05-01, 11:18","1d 1h 19m"
"www.dpdlocaza.cyou","A","B",3,129.226.154.72,"2026-04-30, 09:59","2026-05-03, 08:06","2d 22h 7m"
"www.dpdlocaza.top","A","D",31,129.226.154.72,"2026-04-30, 09:57","2026-05-02, 01:07","1d 15h 10m"
"www.dpdlocazs.top","A","D",27,129.226.154.72,"2026-04-30, 09:57","2026-05-02, 01:07","1d 15h 10m"
"www.dpdlocaza.cyou","A","D",19,129.226.154.72,"2026-04-30, 09:57","2026-05-03, 08:06","2d 22h 8m"
"www.dpdlocazs.cyou","A","D",17,129.226.154.72,"2026-04-30, 09:57","2026-05-02, 23:25","2d 13h 27m"
"www.dpdlocaza.shop","A","D",48,129.226.154.72,"2026-04-30, 09:57","2026-05-06, 07:25","5d 21h 27m"
"www.dpdlocazp.shop","A","D",36,129.226.154.72,"2026-04-30, 09:57","2026-05-06, 07:25","5d 21h 27m"
"www.dpdlocaza.shop","A","B",3,129.226.154.72,"2026-04-30, 09:56","2026-05-02, 13:04","2d 3h 8m"
"www.dpdlocake.cyou","A","C",1,129.226.154.72,"2026-04-30, 02:47","2026-04-30, 02:47","1s"
"www.dpdlocaza.shop","A","A","",129.226.154.72,"2026-04-30","2026-05-06","5d"
"www.dpdlocazp.shop","A","A","",129.226.154.72,"2026-04-30","2026-05-06","5d"
"www.dpdparcelo.cyou","A","A","",129.226.154.72,"2026-04-30","2026-05-04","3d"
"www.dpdlocaza.cyou","A","A","",129.226.154.72,"2026-04-30","2026-05-05","4d"
"www.dpdlocazs.cyou","A","A","",129.226.154.72,"2026-04-30","2026-05-05","4d"
"www.dpdlocaza.top","A","A","",129.226.154.72,"2026-04-30","2026-05-02","1d"
"www.dpdparceli.shop","A","A","",129.226.154.72,"2026-04-30","2026-05-06","5d"
"www.dpdlocazs.top","A","A","",129.226.154.72,"2026-04-30","2026-05-02","1d"
"www.dpdlocajk.top","A","C",3,129.226.154.72,"2026-04-29, 21:04","2026-04-30, 01:47","4h 43m 2s"
"www.dpdlocaji.shop","A","C",3,129.226.154.72,"2026-04-29, 20:16","2026-04-30, 15:50","19h 33m 6s"
"www.dpdlocaji.top","A","C",1,129.226.154.72,"2026-04-29, 18:49","2026-04-29, 18:49","1s"
"www.dpdlocake.top","A","B",1,129.226.154.72,"2026-04-29, 09:44","2026-04-29, 09:44","1s"
"www.dpdlocakr.top","A","B",3,129.226.154.72,"2026-04-29, 09:41","2026-05-01, 22:01","2d 12h 19m"
"www.dpdlocake.cyou","A","B",2,129.226.154.72,"2026-04-29, 09:41","2026-05-01, 01:25","1d 15h 44m"
"www.dpdlocakr.cyou","A","B",2,129.226.154.72,"2026-04-29, 09:41","2026-05-01, 02:10","1d 16h 28m"
"www.dpdlocake.shop","A","B",5,129.226.154.72,"2026-04-29, 09:41","2026-05-04, 20:28","5d 10h 47m"
"www.dpdlocakr.shop","A","B",4,129.226.154.72,"2026-04-29, 09:41","2026-05-04, 20:28","5d 10h 47m"
"www.dpdlocakr.shop","A","D",51,129.226.154.72,"2026-04-29, 09:41","2026-05-05, 23:27","6d 13h 46m"
"www.dpdlocake.top","A","D",11,129.226.154.72,"2026-04-29, 09:40","2026-04-30, 04:35","18h 54m 56s"
"www.dpdlocakr.top","A","D",37,129.226.154.72,"2026-04-29, 09:40","2026-05-02, 03:21","2d 17h 40m"
"www.dpdlocake.cyou","A","D",196,129.226.154.72,"2026-04-29, 09:40","2026-05-04, 11:55","5d 2h 14m"
"www.dpdlocakr.cyou","A","D",29,129.226.154.72,"2026-04-29, 09:40","2026-05-04, 01:57","4d 16h 16m"
"www.dpdlocake.shop","A","D",47,129.226.154.72,"2026-04-29, 09:40","2026-05-05, 23:26","6d 13h 45m"
"www.dpdlocaji.cyou","A","B",4,129.226.154.72,"2026-04-29, 03:22","2026-05-03, 10:00","4d 6h 37m"
"www.dpdlocajo.top","A","C",1,129.226.154.72,"2026-04-29, 02:57","2026-04-29, 02:57","1s"
"www.dpdlocaji.cyou","A","C",3,129.226.154.72,"2026-04-29, 02:57","2026-04-30, 09:13","1d 6h 15m"
"www.dpdlocakr.cyou","A","A","",129.226.154.72,"2026-04-29","2026-05-04","4d"
"www.dpdlocakr.top","A","A","",129.226.154.72,"2026-04-29","2026-05-03","3d"
"www.dpdlocakr.shop","A","A","",129.226.154.72,"2026-04-29","2026-05-06","6d"
"www.dpdlocake.cyou","A","A","",129.226.154.72,"2026-04-29","2026-05-05","5d"
"www.dpdlocake.shop","A","A","",129.226.154.72,"2026-04-29","2026-05-06","6d"
"www.dpdlocake.top","A","A","",129.226.154.72,"2026-04-29","2026-05-01","1d"
"www.dpdlocajk.top","A","B",3,129.226.154.72,"2026-04-28, 15:20","2026-05-01, 04:37","2d 13h 16m"
"www.dpdlocajk.cyou","A","B",2,129.226.154.72,"2026-04-28, 15:09","2026-04-30, 12:43","1d 21h 33m"
"www.dpdlocajk.top","A","D",36,129.226.154.72,"2026-04-28, 15:07","2026-05-02, 01:06","3d 9h 58m"
"www.dpdlocajk.cyou","A","D",24,129.226.154.72,"2026-04-28, 15:07","2026-05-04, 11:14","5d 20h 6m"
"www.dpdlocaji.top","A","B",3,129.226.154.72,"2026-04-28, 10:51","2026-04-30, 18:58","2d 8h 6m"
"www.dpdlocajo.top","A","B",1,129.226.154.72,"2026-04-28, 10:40","2026-04-28, 10:40","1s"
"www.dpdlocajo.cyou","A","B",3,129.226.154.72,"2026-04-28, 10:31","2026-05-01, 00:42","2d 14h 11m"
"www.dpdlocaji.shop","A","B",3,129.226.154.72,"2026-04-28, 10:31","2026-05-01, 04:37","2d 18h 6m"
"www.dpdlocajo.shop","A","B",2,129.226.154.72,"2026-04-28, 10:31","2026-05-01, 02:15","2d 15h 44m"
"www.dpdlocaji.cyou","A","D",172,129.226.154.72,"2026-04-28, 10:21","2026-05-04, 10:28","6d 7m 3s"
"www.dpdlocaji.top","A","D",29,129.226.154.72,"2026-04-28, 10:19","2026-05-01, 02:03","2d 15h 43m"
"www.dpdlocajo.top","A","D",7,129.226.154.72,"2026-04-28, 10:19","2026-04-29, 05:24","19h 5m 18s"
"www.dpdlocajo.cyou","A","D",25,129.226.154.72,"2026-04-28, 10:19","2026-05-04, 08:49","5d 22h 29m"
"www.dpdlocaji.shop","A","D",39,129.226.154.72,"2026-04-28, 10:19","2026-05-01, 02:01","2d 15h 41m"
"www.dpdlocajo.shop","A","D",13,129.226.154.72,"2026-04-28, 10:19","2026-05-01, 02:01","2d 15h 41m"
"www.dpdlocahq.top","A","C",3,129.226.154.72,"2026-04-28, 02:44","2026-04-30, 09:11","2d 6h 27m"
"www.dpdlocajo.cyou","A","A","",129.226.154.72,"2026-04-28","2026-05-05","6d"
"www.dpdlocaji.cyou","A","A","",129.226.154.72,"2026-04-28","2026-05-05","6d"
"www.dpdlocahq.cyou","A","A","",129.226.154.72,"2026-04-28","2026-05-05","6d"
"www.dpdlocajk.cyou","A","A","",129.226.154.72,"2026-04-28","2026-05-05","6d"
"www.dpdlocajk.top","A","A","",129.226.154.72,"2026-04-28","2026-05-02","3d"
"www.dpdlocajo.top","A","A","",129.226.154.72,"2026-04-28","2026-04-30","1d"
"www.dpdlocaji.shop","A","A","",129.226.154.72,"2026-04-28","2026-05-02","3d"
"www.dpdlocajo.shop","A","A","",129.226.154.72,"2026-04-28","2026-05-02","3d"
"www.dpdlocaji.top","A","A","",129.226.154.72,"2026-04-28","2026-05-02","3d"
"www.dpdlocafn.top","A","C",1,129.226.154.72,"2026-04-27, 13:12","2026-04-27, 13:12","1s"
"www.dpdlocaht.shop","A","B",5,129.226.154.72,"2026-04-27, 11:11","2026-05-05, 02:43","7d 15h 32m"
"www.dpdlocahq.shop","A","B",4,129.226.154.72,"2026-04-27, 11:07","2026-05-03, 23:05","6d 11h 58m"
"www.dpdlocahw.shop","A","B",4,129.226.154.72,"2026-04-27, 11:03","2026-05-05, 02:43","7d 15h 40m"
"www.dpdlocahq.shop","A","D",41,129.226.154.72,"2026-04-27, 11:03","2026-05-05, 23:27","8d 12h 24m"
"www.dpdlocaht.shop","A","D",70,129.226.154.72,"2026-04-27, 11:02","2026-05-05, 23:27","8d 12h 25m"
"www.dpdlocahw.shop","A","D",37,129.226.154.72,"2026-04-27, 11:01","2026-05-05, 23:26","8d 12h 24m"
"www.dpdlocahw.cyou","A","B",4,129.226.154.72,"2026-04-27, 10:51","2026-05-04, 00:39","6d 13h 48m"
"www.dpdlocahq.cyou","A","B",2,129.226.154.72,"2026-04-27, 10:48","2026-05-01, 02:10","3d 15h 22m"
"www.dpdlocahq.cyou","A","D",44,129.226.154.72,"2026-04-27, 10:47","2026-05-04, 08:52","6d 22h 5m"
"www.dpdlocahw.cyou","A","D",53,129.226.154.72,"2026-04-27, 10:47","2026-05-04, 08:47","6d 22h 1s"
"www.dpdlocahq.top","A","B",3,129.226.154.72,"2026-04-27, 10:46","2026-05-02, 04:43","4d 17h 56m"
"www.dpdlocahw.top","A","B",3,129.226.154.72,"2026-04-27, 10:46","2026-05-01, 01:04","3d 14h 18m"
"www.dpdlocahw.top","A","D",15,129.226.154.72,"2026-04-27, 10:45","2026-05-01, 02:02","3d 15h 16m"
"www.dpdlocahq.top","A","D",40,129.226.154.72,"2026-04-27, 10:44","2026-05-02, 04:43","4d 17h 58m"
"www.dpdlocahq.shop","A","A","",129.226.154.72,"2026-04-27","2026-05-07","9d"
"www.dpdlocaas.cyou","A","A","",129.226.154.72,"2026-04-27","2026-04-29","1d"
"www.dpdlocahq.top","A","A","",129.226.154.72,"2026-04-27","2026-05-01","3d"
"www.dpdlocahw.cyou","A","A","",129.226.154.72,"2026-04-27","2026-05-05","7d"
"www.dpdlocaht.shop","A","A","",129.226.154.72,"2026-04-27","2026-05-07","9d"
"www.dpdlocahw.top","A","A","",129.226.154.72,"2026-04-27","2026-05-02","4d"
"www.dpdlocahw.shop","A","A","",129.226.154.72,"2026-04-27","2026-05-05","7d"
"www.dpdlocasb.shop","A","B",1,129.226.154.72,"2026-04-26, 20:56","2026-04-26, 20:56","1s"
"www.dpdlocaaz.shop","A","C",1,129.226.154.72,"2026-04-26, 14:45","2026-04-26, 14:45","1s"
"www.dpdlocasr.shop","A","C",1,129.226.154.72,"2026-04-26, 13:54","2026-04-26, 13:54","1s"
"www.dpdlocasb.cyou","A","C",3,129.226.154.72,"2026-04-25, 18:43","2026-04-26, 05:41","10h 57m 25s"
"www.dpdlocadb.top","A","C",1,129.226.154.72,"2026-04-25, 16:36","2026-04-25, 16:36","1s"
"www.dpdlocadv.shop","A","C",1,129.226.154.72,"2026-04-25, 14:14","2026-04-25, 14:14","1s"
"www.dpdlocafn.cyou","A","B",2,129.226.154.72,"2026-04-25, 12:30","2026-04-27, 05:08","1d 16h 37m"
"www.dpdlocafb.shop","A","B",2,129.226.154.72,"2026-04-25, 11:50","2026-04-27, 05:08","1d 17h 17m"
"www.dpdlocafb.top","A","B",1,129.226.154.72,"2026-04-25, 11:49","2026-04-25, 11:49","1s"
"www.dpdlocafn.top","A","B",3,129.226.154.72,"2026-04-25, 11:48","2026-04-29, 14:43","4d 2h 55m"
"www.dpdlocafb.cyou","A","B",3,129.226.154.72,"2026-04-25, 11:48","2026-04-29, 14:43","4d 2h 55m"
"www.dpdlocafb.top","A","D",13,129.226.154.72,"2026-04-25, 11:47","2026-04-27, 05:08","1d 17h 20m"
"www.dpdlocafn.top","A","D",15,129.226.154.72,"2026-04-25, 11:47","2026-05-02, 15:37","7d 3h 49m"
"www.dpdlocafb.cyou","A","D",13,129.226.154.72,"2026-04-25, 11:47","2026-04-29, 14:43","4d 2h 56m"
"www.dpdlocafn.cyou","A","D",13,129.226.154.72,"2026-04-25, 11:47","2026-04-27, 05:08","1d 17h 21m"
"www.dpdlocafb.shop","A","D",17,129.226.154.72,"2026-04-25, 11:47","2026-04-27, 07:42","1d 19h 54m"
"www.dpdlocafn.shop","A","D",15,129.226.154.72,"2026-04-25, 11:47","2026-05-07, 05:07","11d 17h 20m"
"www.dpdlocadb.cyou","A","B",2,129.226.154.72,"2026-04-25, 01:54","2026-04-26, 04:40","1d 2h 46m"
"www.dpdlocadv.shop","A","B",2,129.226.154.72,"2026-04-25, 01:01","2026-04-26, 01:09","1d 7m 52s"
"www.dpdlocafn.shop","A","A","",129.226.154.72,"2026-04-25","2026-05-14","18d"
"www.dpdlocafb.cyou","A","A","",129.226.154.72,"2026-04-25","2026-04-30","4d"
"www.dpdlocafn.cyou","A","A","",129.226.154.72,"2026-04-25","2026-04-30","4d"
"www.dpdlocafn.top","A","A","",129.226.154.72,"2026-04-25","2026-05-06","10d"
"www.dpdlocafb.shop","A","A","",129.226.154.72,"2026-04-25","2026-04-29","3d"
"www.dpdlocafb.top","A","A","",129.226.154.72,"2026-04-25","2026-04-27","1d"
"www.dpdlocafw.shop","A","B",3,129.226.154.72,"2026-04-24, 11:08","2026-04-27, 07:43","2d 20h 34m"
"www.dpdlocadb.top","A","B",3,129.226.154.72,"2026-04-24, 10:24","2026-04-27, 02:00","2d 15h 36m"
"www.dpd-noticeu.shop","A","B",1,129.226.154.72,"2026-04-24, 10:18","2026-04-24, 10:18","1s"
"www.dpdlocafe.cyou","A","B",2,129.226.154.72,"2026-04-24, 10:13","2026-04-26, 04:10","1d 17h 57m"
"www.dpdlocadv.top","A","B",2,129.226.154.72,"2026-04-24, 10:12","2026-04-26, 04:20","1d 18h 8m"
"www.dpdlocadv.top","A","D",18,129.226.154.72,"2026-04-24, 10:11","2026-04-28, 02:23","3d 16h 12m"
"www.dpdlocafw.shop","A","D",13,129.226.154.72,"2026-04-24, 10:11","2026-04-28, 02:23","3d 16h 12m"
"www.dpdlocadb.top","A","D",28,129.226.154.72,"2026-04-24, 10:10","2026-04-26, 12:30","2d 2h 19m"
"www.dpdlocadb.cyou","A","D",16,129.226.154.72,"2026-04-24, 10:10","2026-04-27, 11:06","3d 55m 11s"
"www.dpdlocafe.cyou","A","D",26,129.226.154.72,"2026-04-24, 10:10","2026-04-27, 22:51","3d 12h 40m"
"www.dpdlocadv.shop","A","D",14,129.226.154.72,"2026-04-24, 10:10","2026-04-28, 22:38","4d 12h 27m"
"www.dpdlocasf.top","A","C",1,129.226.154.72,"2026-04-24, 06:49","2026-04-24, 06:49","1s"
"www.dpdlocadv.shop","A","A","",129.226.154.72,"2026-04-24","2026-04-30","5d"
"www.dpdlocafw.shop","A","A","",129.226.154.72,"2026-04-24","2026-04-29","4d"
"www.dpdlocadv.top","A","A","",129.226.154.72,"2026-04-24","2026-04-29","4d"
"www.dpdlocafe.cyou","A","A","",129.226.154.72,"2026-04-24","2026-04-30","5d"
"www.dpdlocadb.cyou","A","A","",129.226.154.72,"2026-04-24","2026-04-28","3d"
"www.dpdlocadb.top","A","A","",129.226.154.72,"2026-04-24","2026-04-27","2d"
"www.dpdlocasn.top","A","B",2,129.226.154.72,"2026-04-23, 11:20","2026-04-26, 19:40","3d 8h 20m"
"www.dpdlocasb.top","A","B",2,129.226.154.72,"2026-04-23, 11:18","2026-04-26, 20:56","3d 9h 38m"
"www.dpdlocasb.cyou","A","B",3,129.226.154.72,"2026-04-23, 11:16","2026-04-26, 02:01","2d 14h 44m"
"www.dpdlocasn.cyou","A","B",2,129.226.154.72,"2026-04-23, 11:16","2026-04-26, 20:56","3d 9h 40m"
"www.dpdlocasb.top","A","D",16,129.226.154.72,"2026-04-23, 11:16","2026-05-03, 22:58","10d 11h 41m"
"www.dpdlocasn.top","A","D",24,129.226.154.72,"2026-04-23, 11:16","2026-04-26, 20:56","3d 9h 39m"
"www.dpdlocasb.cyou","A","D",12,129.226.154.72,"2026-04-23, 11:16","2026-04-26, 20:56","3d 9h 39m"
"www.dpdlocasn.cyou","A","D",17,129.226.154.72,"2026-04-23, 11:16","2026-05-07, 00:22","13d 13h 5m"
"www.dpdlocasb.shop","A","D",16,129.226.154.72,"2026-04-23, 11:16","2026-05-02, 03:07","8d 15h 50m"
"www.dpdlocasn.cyou","A","A","",129.226.154.72,"2026-04-23","2026-05-09","15d"
"www.dpdlocasf.cyou","A","A","",129.226.154.72,"2026-04-23","2026-04-28","4d"
"www.dpdlocasb.cyou","A","A","",129.226.154.72,"2026-04-23","2026-04-27","3d"
"www.dpdlocasb.top","A","A","",129.226.154.72,"2026-04-23","2026-05-04","10d"
"www.dpdlocasb.shop","A","A","",129.226.154.72,"2026-04-23","2026-05-09","15d"
"www.dpdlocasn.top","A","A","",129.226.154.72,"2026-04-23","2026-04-28","4d"
"www.dpd-noticei.cyou","A","B",2,129.226.154.72,"2026-04-22, 22:16","2026-04-24, 10:18","1d 12h 1m"
"www.dpdlocasf.top","A","B",1,129.226.154.72,"2026-04-22, 14:57","2026-04-22, 14:57","1s"
"www.dpdlocasf.cyou","A","B",2,129.226.154.72,"2026-04-22, 14:57","2026-04-24, 23:16","2d 8h 19m"
"www.dpdlocasf.top","A","D",14,129.226.154.72,"2026-04-22, 14:52","2026-04-24, 23:18","2d 8h 25m"
"www.dpdlocasf.cyou","A","D",19,129.226.154.72,"2026-04-22, 14:52","2026-04-25, 20:23","3d 5h 31m"
"www.dpdlocasr.shop","A","B",2,129.226.154.72,"2026-04-22, 14:14","2026-04-25, 19:27","3d 5h 13m"
"www.dpdlocast.shop","A","B",2,129.226.154.72,"2026-04-22, 14:14","2026-04-28, 06:02","5d 15h 47m"
"www.dpdlocasr.shop","A","D",29,129.226.154.72,"2026-04-22, 14:08","2026-05-06, 21:57","14d 7h 48m"
"www.dpdlocast.shop","A","D",43,129.226.154.72,"2026-04-22, 14:08","2026-04-28, 06:02","5d 15h 54m"
"www.dpdlocasy.top","A","B",2,129.226.154.72,"2026-04-22, 13:46","2026-04-28, 05:22","5d 15h 35m"
"www.dpdlocast.cyou","A","B",2,129.226.154.72,"2026-04-22, 13:45","2026-04-23, 13:56","1d 11m 8s"
"www.dpdlocast.top","A","B",2,129.226.154.72,"2026-04-22, 13:41","2026-04-24, 00:07","1d 10h 26m"
"www.dpdlocasy.cyou","A","B",2,129.226.154.72,"2026-04-22, 13:40","2026-04-25, 18:48","3d 5h 7m"
"www.dpdlocast.top","A","D",23,129.226.154.72,"2026-04-22, 13:38","2026-05-02, 13:54","10d 16m 16s"
"www.dpdlocasy.top","A","D",26,129.226.154.72,"2026-04-22, 13:38","2026-05-06, 20:55","14d 7h 17m"
"www.dpdlocast.cyou","A","D",10,129.226.154.72,"2026-04-22, 13:38","2026-04-25, 18:47","3d 5h 9m"
"www.dpdlocasy.cyou","A","D",21,129.226.154.72,"2026-04-22, 13:38","2026-05-06, 20:55","14d 7h 17m"
"www.dpdlocapb.cyou","A","C",3,129.226.154.72,"2026-04-22, 13:24","2026-04-23, 20:00","1d 6h 36m"
"www.dpdlocaaz.shop","A","B",1,129.226.154.72,"2026-04-22, 12:41","2026-04-22, 12:41","1s"
"www.dpdlocaax.shop","A","B",2,129.226.154.72,"2026-04-22, 12:37","2026-04-23, 22:55","1d 10h 17m"
"www.dpdlocaax.shop","A","D",11,129.226.154.72,"2026-04-22, 12:36","2026-04-28, 04:07","5d 15h 30m"
"www.dpdlocaaz.shop","A","D",41,129.226.154.72,"2026-04-22, 12:36","2026-05-06, 18:58","14d 6h 21m"
"www.dpdlocaax.fun","A","B",1,129.226.154.72,"2026-04-22, 12:35","2026-04-22, 12:35","1s"
"www.dpdlocaax.online","A","B",1,129.226.154.72,"2026-04-22, 12:33","2026-04-22, 12:33","1s"
"www.dpdlocaax.cyou","A","B",2,129.226.154.72,"2026-04-22, 12:32","2026-04-25, 17:29","3d 4h 56m"
"www.dpdlocaax.fun","A","D",8,129.226.154.72,"2026-04-22, 12:31","2026-04-22, 13:14","43m 43s"
"www.dpdlocaax.cyou","A","D",22,129.226.154.72,"2026-04-22, 12:31","2026-04-25, 17:29","3d 4h 57m"
"www.dpdlocaax.online","A","D",9,129.226.154.72,"2026-04-22, 12:31","2026-04-22, 12:47","16m 26s"
"www.dpdlocaas.shop","A","B",1,129.226.154.72,"2026-04-22, 12:10","2026-04-22, 12:10","1s"
"www.dpdlocaad.cyou","A","B",3,129.226.154.72,"2026-04-22, 11:56","2026-05-08, 02:00","15d 14h 4m"
"www.dpdlocaas.cyou","A","B",4,129.226.154.72,"2026-04-22, 11:51","2026-05-08, 02:00","15d 14h 9m"
"www.dpd-noticei.fun","A","B",1,129.226.154.72,"2026-04-22, 11:30","2026-04-22, 11:30","1s"
"www.dpd-noticeu.fun","A","B",1,129.226.154.72,"2026-04-22, 11:30","2026-04-22, 11:30","1s"
"www.dpd-noticei.online","A","B",1,129.226.154.72,"2026-04-22, 11:27","2026-04-22, 11:27","1s"
"www.dpd-noticei.fun","A","D",4,129.226.154.72,"2026-04-22, 11:25","2026-04-22, 11:31","6m 19s"
"www.dpd-noticeo.fun","A","D",2,129.226.154.72,"2026-04-22, 11:25","2026-04-22, 11:27","1m 31s"
"www.dpd-noticeu.fun","A","D",4,129.226.154.72,"2026-04-22, 11:25","2026-04-22, 11:31","6m 19s"
"www.dpd-noticei.cyou","A","D",25,129.226.154.72,"2026-04-22, 11:25","2026-05-07, 13:51","15d 2h 25m"
"www.dpd-noticeo.cyou","A","D",5,129.226.154.72,"2026-04-22, 11:25","2026-04-22, 11:28","3m 6s"
"www.dpd-noticeo.shop","A","D",3,129.226.154.72,"2026-04-22, 11:25","2026-04-22, 11:28","3m 31s"
"www.dpd-noticeu.shop","A","D",25,129.226.154.72,"2026-04-22, 11:25","2026-05-07, 13:51","15d 2h 25m"
"www.dpd-noticei.online","A","D",4,129.226.154.72,"2026-04-22, 11:25","2026-04-22, 11:31","6m 27s"
"www.dpd-noticeo.online","A","D",3,129.226.154.72,"2026-04-22, 11:25","2026-04-22, 11:26","1m 35s"
"www.dpdlocast.cyou","A","A","",129.226.154.72,"2026-04-22","2026-04-28","5d"
"www.dpd-noticeu.shop","A","A","",129.226.154.72,"2026-04-22","2026-05-07","14d"
"www.dpdlocaax.fun","A","A","",129.226.154.72,"2026-04-22","2026-04-23","1d"
"www.dpdlocaax.cyou","A","A","",129.226.154.72,"2026-04-22","2026-04-28","5d"
"www.dpd-noticei.online","A","A","",129.226.154.72,"2026-04-22","2026-04-23","1d"
"www.dpd-noticeo.online","A","A","",129.226.154.72,"2026-04-22","2026-04-23","1d"
"www.dpd-noticeu.fun","A","A","",129.226.154.72,"2026-04-22","2026-04-23","1d"
"www.dpdlocast.top","A","A","",129.226.154.72,"2026-04-22","2026-05-04","11d"
"www.dpdlocasy.top","A","A","",129.226.154.72,"2026-04-22","2026-05-12","19d"
"www.dpdlocaax.shop","A","A","",129.226.154.72,"2026-04-22","2026-04-28","5d"
"www.dpdlocast.shop","A","A","",129.226.154.72,"2026-04-22","2026-04-29","6d"
"www.dpdlocaaz.shop","A","A","",129.226.154.72,"2026-04-22","2026-05-08","15d"
"www.dpd-noticei.fun","A","A","",129.226.154.72,"2026-04-22","2026-04-23","1d"
"www.dpd-noticeo.cyou","A","A","",129.226.154.72,"2026-04-22","2026-04-23","1d"
"www.dpdlocasy.cyou","A","A","",129.226.154.72,"2026-04-22","2026-05-11","18d"
"www.dpd-noticeo.shop","A","A","",129.226.154.72,"2026-04-22","2026-04-23","1d"
"www.dpdlocasr.shop","A","A","",129.226.154.72,"2026-04-22","2026-05-08","15d"
"www.dpdlocasf.top","A","A","",129.226.154.72,"2026-04-22","2026-04-25","2d"
"www.dpdlocaax.online","A","A","",129.226.154.72,"2026-04-22","2026-04-23","1d"
"www.dpd-noticeo.fun","A","A","",129.226.154.72,"2026-04-22","2026-04-23","1d"
"www.dpd-noticei.cyou","A","A","",129.226.154.72,"2026-04-22","2026-05-09","16d"
"www.dpdlocaap.fun","A","B",1,129.226.154.72,"2026-04-21, 15:41","2026-04-21, 15:41","1s"
"www.dpdlocaap.online","A","D",7,129.226.154.72,"2026-04-21, 15:40","2026-04-21, 15:46","6m 27s"
"www.dpdlocaap.fun","A","D",5,129.226.154.72,"2026-04-21, 15:39","2026-04-21, 15:56","16m 30s"
"www.dpdlocapb.online","A","B",1,129.226.154.72,"2026-04-21, 11:03","2026-04-21, 11:03","1s"
"www.dpdlocapv.fun","A","B",1,129.226.154.72,"2026-04-21, 10:14","2026-04-21, 10:14","1s"
"www.dpdlocapb.fun","A","B",1,129.226.154.72,"2026-04-21, 10:01","2026-04-21, 10:01","1s"
"www.dpdlocapn.online","A","B",1,129.226.154.72,"2026-04-21, 10:01","2026-04-21, 10:01","1s"
"www.dpdlocapb.cyou","A","D",11,129.226.154.72,"2026-04-21, 10:00","2026-04-24, 04:40","2d 18h 40m"
"www.dpdlocapb.shop","A","B",3,129.226.154.72,"2026-04-21, 09:55","2026-04-26, 11:22","5d 1h 26m"
"www.dpdlocapb.cyou","A","B",2,129.226.154.72,"2026-04-21, 09:54","2026-04-23, 00:04","1d 14h 9m"
"www.dpdlocapb.fun","A","D",8,129.226.154.72,"2026-04-21, 09:54","2026-04-21, 12:59","3h 5m 9s"
"www.dpdlocapv.fun","A","D",5,129.226.154.72,"2026-04-21, 09:53","2026-04-21, 11:00","1h 7m 17s"
"www.dpdlocapb.shop","A","D",13,129.226.154.72,"2026-04-21, 09:53","2026-04-26, 11:22","5d 1h 28m"
"www.dpdlocapb.online","A","D",8,129.226.154.72,"2026-04-21, 09:53","2026-04-21, 11:46","1h 52m 30s"
"www.dpdlocapn.online","A","D",5,129.226.154.72,"2026-04-21, 09:53","2026-04-21, 11:04","1h 10m 6s"
"www.dpdlocapv.fun","A","A","",129.226.154.72,"2026-04-21","2026-04-22","1d"
"www.dpdlocaap.fun","A","A","",129.226.154.72,"2026-04-21","2026-04-22","1d"
"www.dpdlocaap.online","A","A","",129.226.154.72,"2026-04-21","2026-04-22","1d"
"www.dpdlocapb.cyou","A","A","",129.226.154.72,"2026-04-21","2026-04-25","3d"
"www.dpdlocapn.online","A","A","",129.226.154.72,"2026-04-21","2026-04-22","1d"
"www.dpdlocapb.fun","A","A","",129.226.154.72,"2026-04-21","2026-04-22","1d"
"www.dpdlocapb.online","A","A","",129.226.154.72,"2026-04-21","2026-04-22","1d"
"www.dpdlocapb.shop","A","A","",129.226.154.72,"2026-04-21","2026-04-29","7d"
"129.226.154.72.sslip.io","A","A","",129.226.154.72,"2025-12-09","2025-12-17","8d"
"www.129.226.154.72.sslip.io","A","A","",129.226.154.72,"2025-12-02","2025-12-17","15d"
"cw3acg.com","A","A","",129.226.154.72,"2024-09-08","2024-09-09","1d"
"www.vip3acg.com","A","A","",129.226.154.72,"2024-09-08","2024-09-09","1d"
"w2acg.com","A","A","",129.226.154.72,"2024-09-08","2024-09-09","1d"
"www.pypacg.com","A","A","",129.226.154.72,"2024-09-08","2024-09-09","1d"
"vip3acg.com","A","B",1,129.226.154.72,"2024-09-07, 12:52","2024-09-07, 12:52","1s"
"waiacg.com","A","D",1,129.226.154.72,"2024-09-07, 01:43","2024-09-07, 01:43","1s"
"www.cw3acg.com","A","A","",129.226.154.72,"2024-09-07","2024-09-09","1d"
"www.wa1acg.com","A","A","",129.226.154.72,"2024-09-07","2024-09-08","1d"
"pcyacg.com","A","A","",129.226.154.72,"2024-09-07","2024-09-08","1d"
"wuaacg.com","A","A","",129.226.154.72,"2024-09-07","2024-09-08","1d"
"www.pgmacg.com","A","A","",129.226.154.72,"2024-09-07","2024-09-08","1d"
"cwwacg.com","A","A","",129.226.154.72,"2024-09-07","2024-09-08","1d"
"www.hyyacg.com","A","A","",129.226.154.72,"2024-09-07","2024-09-08","1d"
"www.pcacgn.com","A","A","",129.226.154.72,"2024-09-07","2024-09-08","1d"
"www.waiacg.com","A","A","",129.226.154.72,"2024-09-07","2024-09-08","1d"
"dbxacg.com","A","A","",129.226.154.72,"2024-09-07","2024-09-08","1d"
"www.w1acg.com","A","A","",129.226.154.72,"2024-09-07","2024-09-08","1d"
"www.cw2acg.com","A","A","",129.226.154.72,"2024-09-07","2024-09-08","1d"
"cw1acg.com","A","A","",129.226.154.72,"2024-09-07","2024-09-08","1d"
"www.hynacg.com","A","A","",129.226.154.72,"2024-09-07","2024-09-08","1d"
"www.gm5acg.com","A","D",2,129.226.154.72,"2024-09-06, 18:29","2024-09-06, 18:29","1s"
"cw3acg.com","A","B",1,129.226.154.72,"2024-09-06, 12:37","2024-09-06, 12:37","1s"
"www.cw3acg.com","A","D",3,129.226.154.72,"2024-09-06, 12:32","2024-09-06, 12:32","1s"
"www.vip3acg.com","A","D",6,129.226.154.72,"2024-09-06, 12:22","2024-09-08, 01:47","1d 13h 24m"
"vip3acg.com","A","D",20,129.226.154.72,"2024-09-06, 12:04","2024-09-08, 01:47","1d 13h 43m"
"cw3acg.com","A","D",5,129.226.154.72,"2024-09-06, 11:59","2024-09-07, 10:25","22h 26m 39s"
"pypacg.com","A","B",1,129.226.154.72,"2024-09-06, 10:41","2024-09-06, 10:41","1s"
"www.pypacg.com","A","B",1,129.226.154.72,"2024-09-06, 10:41","2024-09-06, 10:41","1s"
"pypacg.com","A","D",11,129.226.154.72,"2024-09-06, 10:39","2024-09-07, 05:23","18h 43m 48s"
"www.pypacg.com","A","D",5,129.226.154.72,"2024-09-06, 10:39","2024-09-06, 11:25","46m"
"www.bx1acg.com","A","D",2,129.226.154.72,"2024-09-06, 01:23","2024-09-06, 01:23","1s"
"pcacgn.com","A","A","",129.226.154.72,"2024-09-06","2024-09-08","1d"
"cw2acg.com","A","A","",129.226.154.72,"2024-09-06","2024-09-08","1d"
"www.cwwacg.com","A","A","",129.226.154.72,"2024-09-06","2024-09-07","1d"
"vip3acg.com","A","A","",129.226.154.72,"2024-09-06","2024-09-08","1d"
"pyyacg.com","A","A","",129.226.154.72,"2024-09-06","2024-09-07","1d"
"pccacg.com","A","A","",129.226.154.72,"2024-09-06","2024-09-08","1d"
"www.bxxacg.com","A","A","",129.226.154.72,"2024-09-06","2024-09-08","1d"
"www.hy2acg.com","A","A","",129.226.154.72,"2024-09-06","2024-09-08","1d"
"gm4acg.com","A","A","",129.226.154.72,"2024-09-06","2024-09-08","1d"
"bx4acg.com","A","A","",129.226.154.72,"2024-09-06","2024-09-08","1d"
"bixi1.com","A","A","",129.226.154.72,"2024-09-06","2024-09-08","1d"
"pypacg.com","A","A","",129.226.154.72,"2024-09-06","2024-09-09","2d"
"www.bxnacg.com","A","A","",129.226.154.72,"2024-09-06","2024-09-08","1d"
"www.pccacg.com","A","A","",129.226.154.72,"2024-09-06","2024-09-08","1d"
"v2acg.com","A","A","",129.226.154.72,"2024-09-06","2024-09-08","1d"
"www.bx2acg.com","A","A","",129.226.154.72,"2024-09-06","2024-09-08","1d"
"hy2acg.com","A","A","",129.226.154.72,"2024-09-06","2024-09-07","1d"
"bx3acg.com","A","A","",129.226.154.72,"2024-09-06","2024-09-07","1d"
"www.v2acg.com","A","A","",129.226.154.72,"2024-09-06","2024-09-07","1d"
"pg1acg.com","A","A","",129.226.154.72,"2024-09-06","2024-09-07","1d"
"poacgn.com","A","A","",129.226.154.72,"2024-09-06","2024-09-08","1d"
"gm3acg.com","A","A","",129.226.154.72,"2024-09-06","2024-09-08","1d"
"www.ppacgn.com","A","A","",129.226.154.72,"2024-09-06","2024-09-08","1d"
"www.cw1acg.com","A","A","",129.226.154.72,"2024-09-06","2024-09-07","1d"
"www.pg1acg.com","A","A","",129.226.154.72,"2024-09-06","2024-09-08","1d"
"www.gm4acg.com","A","A","",129.226.154.72,"2024-09-06","2024-09-07","1d"
"www.pyyacg.com","A","A","",129.226.154.72,"2024-09-06","2024-09-08","1d"
"www.gm5acg.com","A","A","",129.226.154.72,"2024-09-06","2024-09-08","1d"
"hy1acg.com","A","A","",129.226.154.72,"2024-09-06","2024-09-08","1d"
"www.gm6acg.com","A","D",1,129.226.154.72,"2024-09-05, 13:52","2024-09-05, 13:52","1s"
"www.kaacg.com","A","D",2,129.226.154.72,"2024-09-05, 13:38","2024-09-05, 13:38","1s"
"kaacg.com","A","B",2,129.226.154.72,"2024-09-05, 13:37","2024-09-06, 15:39","1d 2h 2m"
"www.kaacg.com","A","B",2,129.226.154.72,"2024-09-05, 13:37","2024-09-06, 23:01","1d 9h 23m"
"kaacg.com","A","D",6,129.226.154.72,"2024-09-05, 13:36","2024-09-05, 13:38","1m 53s"
"gm6acg.com","A","B",1,129.226.154.72,"2024-09-05, 13:31","2024-09-05, 13:31","1s"
"www.gm6acg.com","A","B",2,129.226.154.72,"2024-09-05, 13:31","2024-09-07, 01:43","1d 12h 12m"
"gm6acg.com","A","D",3,129.226.154.72,"2024-09-05, 13:30","2024-09-05, 13:51","21m 8s"
"gm5acg.com","A","B",1,129.226.154.72,"2024-09-05, 13:27","2024-09-05, 13:27","1s"
"www.gm5acg.com","A","B",1,129.226.154.72,"2024-09-05, 13:27","2024-09-05, 13:27","1s"
"gm5acg.com","A","D",3,129.226.154.72,"2024-09-05, 13:27","2024-09-07, 01:43","1d 12h 15m"
"gm3acg.com","A","B",1,129.226.154.72,"2024-09-05, 13:24","2024-09-05, 13:24","1s"
"www.gm3acg.com","A","B",1,129.226.154.72,"2024-09-05, 13:24","2024-09-05, 13:24","1s"
"gm3acg.com","A","D",6,129.226.154.72,"2024-09-05, 13:24","2024-09-06, 01:37","12h 12m 36s"
"www.gm3acg.com","A","D",4,129.226.154.72,"2024-09-05, 13:24","2024-09-05, 13:27","2m 49s"
"wuaacg.com","A","B",1,129.226.154.72,"2024-09-05, 13:20","2024-09-05, 13:20","1s"
"www.wuaacg.com","A","B",1,129.226.154.72,"2024-09-05, 13:20","2024-09-05, 13:20","1s"
"wuaacg.com","A","D",5,129.226.154.72,"2024-09-05, 13:18","2024-09-06, 01:27","12h 8m 46s"
"www.wuaacg.com","A","D",4,129.226.154.72,"2024-09-05, 13:18","2024-09-05, 16:38","3h 19m 57s"
"wa1acg.com","A","B",1,129.226.154.72,"2024-09-05, 13:16","2024-09-05, 13:16","1s"
"www.wa1acg.com","A","B",1,129.226.154.72,"2024-09-05, 13:16","2024-09-05, 13:16","1s"
"wa1acg.com","A","D",12,129.226.154.72,"2024-09-05, 13:16","2024-09-08, 01:01","2d 11h 45m"
"www.wa1acg.com","A","D",4,129.226.154.72,"2024-09-05, 13:16","2024-09-05, 13:19","2m 57s"
"hyyacg.com","A","B",1,129.226.154.72,"2024-09-05, 13:13","2024-09-05, 13:13","1s"
"www.hyyacg.com","A","B",1,129.226.154.72,"2024-09-05, 13:13","2024-09-05, 13:13","1s"
"hyyacg.com","A","D",6,129.226.154.72,"2024-09-05, 13:11","2024-09-07, 04:02","1d 14h 51m"
"hynacg.com","A","B",1,129.226.154.72,"2024-09-05, 13:10","2024-09-05, 13:10","1s"
"www.hynacg.com","A","B",1,129.226.154.72,"2024-09-05, 13:10","2024-09-05, 13:10","1s"
"hy2acg.com","A","D",5,129.226.154.72,"2024-09-05, 13:09","2024-09-06, 17:47","1d 4h 38m"
"hynacg.com","A","D",4,129.226.154.72,"2024-09-05, 13:09","2024-09-05, 13:10","53s"
"www.hynacg.com","A","D",8,129.226.154.72,"2024-09-05, 13:09","2024-09-06, 18:35","1d 5h 25m"
"hy2acg.com","A","B",1,129.226.154.72,"2024-09-05, 13:08","2024-09-05, 13:08","1s"
"www.hy2acg.com","A","B",1,129.226.154.72,"2024-09-05, 13:08","2024-09-05, 13:08","1s"
"www.cw1acg.com","A","D",3,129.226.154.72,"2024-09-05, 13:08","2024-09-06, 18:14","1d 5h 6m"
"www.hy2acg.com","A","D",3,129.226.154.72,"2024-09-05, 13:07","2024-09-07, 01:44","1d 12h 37m"
"www.hy1acg.com","A","D",1,129.226.154.72,"2024-09-05, 13:05","2024-09-05, 13:05","1s"
"cw1acg.com","A","B",1,129.226.154.72,"2024-09-05, 13:02","2024-09-05, 13:02","1s"
"www.cw1acg.com","A","B",1,129.226.154.72,"2024-09-05, 13:02","2024-09-05, 13:02","1s"
"cw1acg.com","A","D",5,129.226.154.72,"2024-09-05, 13:02","2024-09-05, 21:18","8h 16m 18s"
"cw2acg.com","A","B",1,129.226.154.72,"2024-09-05, 12:59","2024-09-05, 12:59","1s"
"www.cw2acg.com","A","B",1,129.226.154.72,"2024-09-05, 12:59","2024-09-05, 12:59","1s"
"cwwacg.com","A","B",1,129.226.154.72,"2024-09-05, 12:58","2024-09-05, 12:58","1s"
"www.cwwacg.com","A","B",1,129.226.154.72,"2024-09-05, 12:58","2024-09-05, 12:58","1s"
"www.cwwacg.com","A","D",3,129.226.154.72,"2024-09-05, 12:58","2024-09-06, 01:30","12h 31m 41s"
"cwwacg.com","A","D",9,129.226.154.72,"2024-09-05, 12:57","2024-09-07, 01:44","1d 12h 47m"
"dbxacg.com","A","D",4,129.226.154.72,"2024-09-05, 12:54","2024-09-06, 08:46","19h 51m 48s"
"dbxacg.com","A","B",1,129.226.154.72,"2024-09-05, 12:53","2024-09-05, 12:53","1s"
"www.dbxacg.com","A","B",2,129.226.154.72,"2024-09-05, 12:53","2024-09-07, 01:41","1d 12h 48m"
"bixi1.com","A","B",1,129.226.154.72,"2024-09-05, 12:50","2024-09-05, 12:50","1s"
"www.bixi1.com","A","B",1,129.226.154.72,"2024-09-05, 12:50","2024-09-05, 12:50","1s"
"bixi1.com","A","D",3,129.226.154.72,"2024-09-05, 12:50","2024-09-07, 01:43","1d 12h 52m"
"www.bixi1.com","A","D",11,129.226.154.72,"2024-09-05, 12:50","2024-09-07, 01:43","1d 12h 52m"
"bxxacg.com","A","B",1,129.226.154.72,"2024-09-05, 12:48","2024-09-05, 12:48","1s"
"www.bxxacg.com","A","B",1,129.226.154.72,"2024-09-05, 12:48","2024-09-05, 12:48","1s"
"bxxacg.com","A","D",11,129.226.154.72,"2024-09-05, 12:48","2024-09-07, 12:46","1d 23h 58m"
"www.bxxacg.com","A","D",12,129.226.154.72,"2024-09-05, 12:48","2024-09-07, 01:43","1d 12h 55m"
"bxnacg.com","A","D",13,129.226.154.72,"2024-09-05, 12:45","2024-09-07, 12:46","2d 1m 13s"
"www.bxnacg.com","A","D",5,129.226.154.72,"2024-09-05, 12:45","2024-09-07, 01:44","1d 12h 58m"
"bx4acg.com","A","B",1,129.226.154.72,"2024-09-05, 12:43","2024-09-05, 12:43","1s"
"www.bx4acg.com","A","B",1,129.226.154.72,"2024-09-05, 12:43","2024-09-05, 12:43","1s"
"bx4acg.com","A","D",2,129.226.154.72,"2024-09-05, 12:43","2024-09-05, 12:43","1s"
"www.bx4acg.com","A","D",6,129.226.154.72,"2024-09-05, 12:43","2024-09-07, 01:42","1d 12h 58m"
"bx3acg.com","A","B",1,129.226.154.72,"2024-09-05, 12:42","2024-09-05, 12:42","1s"
"www.bx3acg.com","A","B",1,129.226.154.72,"2024-09-05, 12:42","2024-09-05, 12:42","1s"
"bx3acg.com","A","D",11,129.226.154.72,"2024-09-05, 12:42","2024-09-07, 01:44","1d 13h 2m"
"www.bx3acg.com","A","D",23,129.226.154.72,"2024-09-05, 12:42","2024-09-07, 18:27","2d 5h 44m"
"bx2acg.com","A","B",1,129.226.154.72,"2024-09-05, 12:41","2024-09-05, 12:41","1s"
"www.bx2acg.com","A","B",1,129.226.154.72,"2024-09-05, 12:41","2024-09-05, 12:41","1s"
"bx2acg.com","A","D",2,129.226.154.72,"2024-09-05, 12:40","2024-09-05, 12:40","1s"
"bx1acg.com","A","B",1,129.226.154.72,"2024-09-05, 12:39","2024-09-05, 12:39","1s"
"www.bx1acg.com","A","B",1,129.226.154.72,"2024-09-05, 12:39","2024-09-05, 12:39","1s"
"www.bx2acg.com","A","D",4,129.226.154.72,"2024-09-05, 12:39","2024-09-06, 18:07","1d 5h 27m"
"bx1acg.com","A","D",12,129.226.154.72,"2024-09-05, 12:38","2024-09-07, 21:23","2d 8h 45m"
"bixi2.com","A","B",1,129.226.154.72,"2024-09-05, 12:36","2024-09-05, 12:36","1s"
"www.bixi2.com","A","B",1,129.226.154.72,"2024-09-05, 12:36","2024-09-05, 12:36","1s"
"bixi2.com","A","D",5,129.226.154.72,"2024-09-05, 12:35","2024-09-06, 01:28","12h 52m 53s"
"www.bixi2.com","A","D",4,129.226.154.72,"2024-09-05, 12:35","2024-09-06, 01:13","12h 37m 40s"
"vipacgn.com","A","D",12,129.226.154.72,"2024-09-05, 12:30","2024-09-05, 12:36","5m 28s"
"www.vipacgn.com","A","D",28,129.226.154.72,"2024-09-05, 12:30","2024-09-07, 20:25","2d 7h 55m"
"v2acg.com","A","B",1,129.226.154.72,"2024-09-05, 12:28","2024-09-05, 12:28","1s"
"www.v2acg.com","A","B",1,129.226.154.72,"2024-09-05, 12:28","2024-09-05, 12:28","1s"
"v1acg.com","A","B",1,129.226.154.72,"2024-09-05, 12:27","2024-09-05, 12:27","1s"
"www.v1acg.com","A","B",1,129.226.154.72,"2024-09-05, 12:27","2024-09-05, 12:27","1s"
"v1acg.com","A","D",1,129.226.154.72,"2024-09-05, 12:25","2024-09-05, 12:25","1s"
"pyyacg.com","A","B",1,129.226.154.72,"2024-09-05, 12:22","2024-09-05, 12:22","1s"
"www.pyyacg.com","A","B",1,129.226.154.72,"2024-09-05, 12:22","2024-09-05, 12:22","1s"
"ppacgn.com","A","D",3,129.226.154.72,"2024-09-05, 12:21","2024-09-05, 12:22","1m 29s"
"www.ppacgn.com","A","D",4,129.226.154.72,"2024-09-05, 12:21","2024-09-06, 18:56","1d 6h 35m"
"pyyacg.com","A","D",2,129.226.154.72,"2024-09-05, 12:21","2024-09-05, 12:21","1s"
"ppacgn.com","A","B",1,129.226.154.72,"2024-09-05, 12:20","2024-09-05, 12:20","1s"
"www.ppacgn.com","A","B",1,129.226.154.72,"2024-09-05, 12:20","2024-09-05, 12:20","1s"
"pcyacg.com","A","D",4,129.226.154.72,"2024-09-05, 12:19","2024-09-06, 01:09","12h 49m 46s"
"pccacg.com","A","B",1,129.226.154.72,"2024-09-05, 12:18","2024-09-05, 12:18","1s"
"www.pccacg.com","A","B",1,129.226.154.72,"2024-09-05, 12:18","2024-09-05, 12:18","1s"
"pccacg.com","A","D",26,129.226.154.72,"2024-09-05, 12:16","2024-09-06, 02:22","14h 5m 23s"
"www.pccacg.com","A","D",5,129.226.154.72,"2024-09-05, 12:16","2024-09-05, 12:23","6m 34s"
"www.pcyacg.com","A","D",4,129.226.154.72,"2024-09-05, 12:16","2024-09-07, 01:44","1d 13h 27m"
"pcyacg.com","A","B",1,129.226.154.72,"2024-09-05, 12:15","2024-09-05, 12:15","1s"
"www.pcyacg.com","A","B",1,129.226.154.72,"2024-09-05, 12:15","2024-09-05, 12:15","1s"
"pcacgn.com","A","B",1,129.226.154.72,"2024-09-05, 12:13","2024-09-05, 12:13","1s"
"www.pcacgn.com","A","B",1,129.226.154.72,"2024-09-05, 12:13","2024-09-05, 12:13","1s"
"pcacgn.com","A","D",3,129.226.154.72,"2024-09-05, 12:13","2024-09-05, 12:16","3m 6s"
"www.pcacgn.com","A","D",4,129.226.154.72,"2024-09-05, 12:12","2024-09-07, 01:43","1d 13h 30m"
"poacgn.com","A","B",1,129.226.154.72,"2024-09-05, 12:11","2024-09-05, 12:11","1s"
"www.poacgn.com","A","B",1,129.226.154.72,"2024-09-05, 12:11","2024-09-05, 12:11","1s"
"poacgn.com","A","D",6,129.226.154.72,"2024-09-05, 12:10","2024-09-07, 02:57","1d 14h 46m"
"www.poacgn.com","A","D",2,129.226.154.72,"2024-09-05, 12:10","2024-09-05, 12:10","1s"
"www.pgmacg.com","A","D",7,129.226.154.72,"2024-09-05, 12:08","2024-09-07, 01:43","1d 13h 35m"
"pg1acg.com","A","B",1,129.226.154.72,"2024-09-05, 12:07","2024-09-05, 12:07","1s"
"www.pg1acg.com","A","B",1,129.226.154.72,"2024-09-05, 12:07","2024-09-05, 12:07","1s"
"pocacg.com","A","D",3,129.226.154.72,"2024-09-05, 12:07","2024-09-06, 04:37","16h 30m 32s"
"www.pocacg.com","A","D",1,129.226.154.72,"2024-09-05, 12:07","2024-09-05, 12:07","1s"
"pg1acg.com","A","D",7,129.226.154.72,"2024-09-05, 12:06","2024-09-05, 12:06","9s"
"www.pg1acg.com","A","D",9,129.226.154.72,"2024-09-05, 12:06","2024-09-07, 01:43","1d 13h 36m"
"pgmacg.com","A","B",1,129.226.154.72,"2024-09-05, 12:04","2024-09-05, 12:04","1s"
"www.pgmacg.com","A","B",1,129.226.154.72,"2024-09-05, 12:04","2024-09-05, 12:04","1s"
"pgmacg.com","A","D",3,129.226.154.72,"2024-09-05, 12:04","2024-09-05, 12:07","2m 13s"
"pocacg.com","A","B",1,129.226.154.72,"2024-09-05, 12:03","2024-09-05, 12:03","1s"
"www.pocacg.com","A","B",1,129.226.154.72,"2024-09-05, 12:03","2024-09-05, 12:03","1s"
"www.pyacg.com","A","D",3,129.226.154.72,"2024-09-05, 12:01","2024-09-05, 12:01","17s"
"pyacg.com","A","D",4,129.226.154.72,"2024-09-05, 11:59","2024-09-05, 11:59","29s"
"www.waiacg.com","A","D",2,129.226.154.72,"2024-09-05, 11:59","2024-09-05, 11:59","1s"
"waiacg.com","A","B",1,129.226.154.72,"2024-09-05, 11:57","2024-09-05, 11:57","1s"
"www.waiacg.com","A","B",2,129.226.154.72,"2024-09-05, 11:57","2024-09-07, 01:44","1d 13h 46m"
"www.w1acg.com","A","D",50,129.226.154.72,"2024-09-05, 11:53","2024-09-08, 01:38","2d 13h 45m"
"w1acg.com","A","D",5,129.226.154.72,"2024-09-05, 11:51","2024-09-05, 11:53","1m 48s"
"w2acg.com","A","B",1,129.226.154.72,"2024-09-05, 11:47","2024-09-05, 11:47","1s"
"www.w2acg.com","A","B",1,129.226.154.72,"2024-09-05, 11:47","2024-09-05, 11:47","1s"
"www.w2acg.com","A","D",1,129.226.154.72,"2024-09-05, 11:45","2024-09-05, 11:45","1s"
"wi3acg.com","A","B",2,129.226.154.72,"2024-09-05, 11:41","2024-09-07, 04:37","1d 16h 56m"
"www.wi3acg.com","A","B",1,129.226.154.72,"2024-09-05, 11:41","2024-09-05, 11:41","1s"
"wi3acg.com","A","D",4,129.226.154.72,"2024-09-05, 11:41","2024-09-05, 11:41","16s"
"www.cw2acg.com","A","D",31,129.226.154.72,"2024-09-05, 08:15","2024-09-07, 14:05","2d 5h 50m"
"www.bx3acg.com","A","A","",129.226.154.72,"2024-09-05","2024-09-08","2d"
"gm5acg.com","A","A","",129.226.154.72,"2024-09-05","2024-09-08","2d"
"ppacgn.com","A","A","",129.226.154.72,"2024-09-05","2024-09-08","2d"
"waiacg.com","A","A","",129.226.154.72,"2024-09-05","2024-09-08","2d"
"www.wuaacg.com","A","A","",129.226.154.72,"2024-09-05","2024-09-08","2d"
"www.bx4acg.com","A","A","",129.226.154.72,"2024-09-05","2024-09-06","1d"
"www.pyacg.com","A","A","",129.226.154.72,"2024-09-05","2024-09-06","1d"
"kaacg.com","A","A","",129.226.154.72,"2024-09-05","2024-09-06","1d"
"gm6acg.com","A","A","",129.226.154.72,"2024-09-05","2024-09-08","2d"
"hynacg.com","A","A","",129.226.154.72,"2024-09-05","2024-09-07","1d"
"wa1acg.com","A","A","",129.226.154.72,"2024-09-05","2024-09-08","2d"
"www.gm6acg.com","A","A","",129.226.154.72,"2024-09-05","2024-09-06","1d"
"w1acg.com","A","A","",129.226.154.72,"2024-09-05","2024-09-07","1d"
"www.bixi1.com","A","A","",129.226.154.72,"2024-09-05","2024-09-06","1d"
"pgmacg.com","A","A","",129.226.154.72,"2024-09-05","2024-09-08","2d"
"www.bx1acg.com","A","A","",129.226.154.72,"2024-09-05","2024-09-07","1d"
"v1acg.com","A","A","",129.226.154.72,"2024-09-05","2024-09-08","2d"
"hyyacg.com","A","A","",129.226.154.72,"2024-09-05","2024-09-08","2d"
"www.wi3acg.com","A","A","",129.226.154.72,"2024-09-05","2024-09-08","2d"
"pyacg.com","A","A","",129.226.154.72,"2024-09-05","2024-09-08","2d"
"bxnacg.com","A","A","",129.226.154.72,"2024-09-05","2024-09-08","2d"
"bxxacg.com","A","A","",129.226.154.72,"2024-09-05","2024-09-07","1d"
"wi3acg.com","A","A","",129.226.154.72,"2024-09-05","2024-09-07","1d"
"www.kaacg.com","A","A","",129.226.154.72,"2024-09-05","2024-09-06","1d"
"www.pocacg.com","A","A","",129.226.154.72,"2024-09-05","2024-09-08","2d"
"www.poacgn.com","A","A","",129.226.154.72,"2024-09-05","2024-09-08","2d"
"www.gm3acg.com","A","A","",129.226.154.72,"2024-09-05","2024-09-08","2d"
"bx2acg.com","A","A","",129.226.154.72,"2024-09-05","2024-09-08","2d"
"www.hy1acg.com","A","A","",129.226.154.72,"2024-09-05","2024-09-06","1d"
"bkn.kuhing.my.id","A","B",1,129.226.154.72,"2023-09-05, 04:41","2023-09-05, 04:41","1s"
"74llt.hendra93.my.id","A","D",19,129.226.154.72,"2023-07-01, 17:35","2023-09-01, 19:42","62d 2h 7m"
"74llt.hendra93.my.id","A","A","",129.226.154.72,"2023-07-01","2023-09-21","81d"
"bkn.kuhing.my.id","A","A","",129.226.154.72,"2023-06-30","2023-09-09","70d"
"bkn.kuhing.my.id","A","D",62,129.226.154.72,"2023-06-29, 16:58","2023-09-05, 05:44","67d 12h 46m"
"kdg.kuhing.my.id","A","B",1,129.226.154.72,"2023-06-29, 01:54","2023-06-29, 01:54","1s"
"kdg.kuhing.my.id","A","D",11,129.226.154.72,"2023-06-29, 01:54","2023-06-29, 03:04","1h 9m 54s"
"hss.kuhing.my.id","A","D",9,129.226.154.72,"2023-06-29, 00:37","2023-06-29, 00:37","4s"
"hgyoa.hendra93.my.id","A","B",1,129.226.154.72,"2023-06-25, 16:30","2023-06-25, 16:30","1s"
"hgyoa.hendra93.my.id","A","D",13,129.226.154.72,"2023-06-25, 16:29","2023-09-03, 22:56","70d 6h 26m"
"hgyoa.hendra93.my.id","A","A","",129.226.154.72,"2023-06-25","2023-09-14","80d"
"sg.kuhing.my.id","A","B",2,129.226.154.72,"2023-06-23, 14:59","2023-06-25, 18:01","2d 3h 1m"
"sg.kuhing.my.id","A","A","",129.226.154.72,"2023-06-23","2023-06-24","1d"
"free.kuhing.my.id","A","B",1,129.226.154.72,"2023-06-22, 14:10","2023-06-22, 14:10","1s"
"free.kuhing.my.id","A","D",3,129.226.154.72,"2023-06-22, 14:08","2023-06-28, 00:15","5d 10h 6m"
"kuhing.my.id","A","D",7,129.226.154.72,"2023-06-21, 13:31","2023-06-29, 04:20","7d 14h 49m"
"kuhing.my.id","A","B",2,129.226.154.72,"2023-06-21, 13:30","2023-06-29, 04:11","7d 14h 40m"
"sg.kuhing.my.id","A","D",26,129.226.154.72,"2023-06-20, 18:32","2023-06-28, 14:11","7d 19h 39m"
"i3k25.kuhing.my.id","A","B",1,129.226.154.72,"2023-06-17, 12:09","2023-06-17, 12:09","1s"
"i3k25.kuhing.my.id","A","D",3,129.226.154.72,"2023-06-17, 12:08","2023-06-17, 13:41","1h 32m 57s"
"i3k25.kuhing.my.id","A","A","",129.226.154.72,"2023-06-17","2023-06-29","11d"
"madu.kuhing.my.id","A","A","",129.226.154.72,"2023-06-16","2023-06-20","3d"
"madu.kuhing.my.id","A","B",2,129.226.154.72,"2023-06-15, 15:21","2023-06-16, 16:45","1d 1h 24m"
"nv4j6.slowdns1.my.id","A","D",4,129.226.154.72,"2023-06-07, 09:48","2023-08-05, 15:23","59d 5h 34m"
"nv4j6.slowdns1.my.id","A","A","",129.226.154.72,"2023-06-07","2023-08-07","60d"
